ts_utc,crypto,yhat,yhat_type,model_name
2026-01-03 16:00:00+00:00,BNB,0.0004168627086046,return_1h_ahead,hourly_ridge_coldstart_v1
2026-01-03 17:00:00+00:00,BNB,0.0004089663079875,return_1h_ahead,hourly_ridge_coldstart_v1
2026-01-03 18:00:00+00:00,BNB,0.0004345143560608,return_1h_ahead,hourly_ridge_coldstart_v1
2026-01-03 19:00:00+00:00,BNB,0.0003725092499433,return_1h_ahead,hourly_ridge_coldstart_v1
2026-01-03 20:00:00+00:00,BNB,0.0003756180271618,return_1h_ahead,hourly_ridge_coldstart_v1
2026-01-03 21:00:00+00:00,BNB,0.000663095851237,return_1h_ahead,hourly_ridge_coldstart_v1
2026-01-03 22:00:00+00:00,BNB,0.0006604479025712,return_1h_ahead,hourly_ridge_coldstart_v1
2026-01-03 23:00:00+00:00,BNB,0.0005931147257109,return_1h_ahead,hourly_ridge_coldstart_v1
2026-01-04 01:00:00+00:00,BNB,0.0006271414119656,return_1h_ahead,hourly_ridge_coldstart_v1
2026-01-04 03:00:00+00:00,BNB,0.0006453574333544,return_1h_ahead,hourly_ridge_coldstart_v1
2026-01-04 04:00:00+00:00,BNB,0.0004480931559438,return_1h_ahead,hourly_ridge_coldstart_v1
2026-01-04 05:00:00+00:00,BNB,-0.0001077498830715,return_1h_ahead,hourly_ridge_coldstart_v1
2026-01-04 06:00:00+00:00,BNB,-4.594564695578954e-05,return_1h_ahead,hourly_ridge_coldstart_v1
2026-01-04 07:00:00+00:00,BNB,-0.0002891372989906,return_1h_ahead,hourly_ridge_coldstart_v1
2026-01-04 08:00:00+00:00,BNB,-0.0001945135129819,return_1h_ahead,hourly_ridge_coldstart_v1
2026-01-04 09:00:00+00:00,BNB,-0.0001175914394494,return_1h_ahead,hourly_ridge_coldstart_v1
2026-01-04 10:00:00+00:00,BNB,0.0003994861444223,return_1h_ahead,hourly_ridge_coldstart_v1
2026-01-04 11:00:00+00:00,BNB,0.0003791633802306,return_1h_ahead,hourly_ridge_coldstart_v1
2026-01-04 12:00:00+00:00,BNB,0.0004224296941625,return_1h_ahead,hourly_ridge_coldstart_v1
2026-01-04 13:00:00+00:00,BNB,0.0006294267062911,return_1h_ahead,hourly_ridge_coldstart_v1
2026-01-04 14:00:00+00:00,BNB,0.0005190156243384,return_1h_ahead,hourly_ridge_coldstart_v1
2026-01-04 15:00:00+00:00,BNB,0.0005980761508203,return_1h_ahead,hourly_ridge_coldstart_v1
2026-01-04 16:00:00+00:00,BNB,0.0005575494482751,return_1h_ahead,hourly_ridge_coldstart_v1
2026-01-04 17:00:00+00:00,BNB,0.0004065540960936,return_1h_ahead,hourly_ridge_coldstart_v1
2026-01-04 18:00:00+00:00,BNB,9.57321172789375e-05,return_1h_ahead,hourly_ridge_coldstart_v1
2026-01-04 19:00:00+00:00,BNB,-0.0003912081061515,return_1h_ahead,hourly_ridge_coldstart_v1
2026-01-04 20:00:00+00:00,BNB,-0.0001001255636145,return_1h_ahead,hourly_ridge_coldstart_v1
2026-01-04 21:00:00+00:00,BNB,-0.0002056912125692,return_1h_ahead,hourly_ridge_coldstart_v1
2026-01-04 22:00:00+00:00,BNB,-0.0003698081782083,return_1h_ahead,hourly_ridge_coldstart_v1
2026-01-04 23:00:00+00:00,BNB,7.762365871049289e-05,return_1h_ahead,hourly_ridge_coldstart_v1
2026-01-05 01:00:00+00:00,BNB,-0.0002682085261846,return_1h_ahead,hourly_ridge_coldstart_v1
2026-01-05 03:00:00+00:00,BNB,-0.0008387301010303,return_1h_ahead,hourly_ridge_coldstart_v1
2026-01-05 04:00:00+00:00,BNB,-0.0008709547072404,return_1h_ahead,hourly_ridge_coldstart_v1
2026-01-05 05:00:00+00:00,BNB,-0.0007529155452436,return_1h_ahead,hourly_ridge_coldstart_v1
2026-01-05 06:00:00+00:00,BNB,-0.0006422370238372,return_1h_ahead,hourly_ridge_coldstart_v1
2026-01-05 07:00:00+00:00,BNB,-0.0006174117097429,return_1h_ahead,hourly_ridge_coldstart_v1
2026-01-05 08:00:00+00:00,BNB,4.50043471551913e-05,return_1h_ahead,hourly_ridge_coldstart_v1
2026-01-05 09:00:00+00:00,BNB,0.0001236327839551,return_1h_ahead,hourly_ridge_coldstart_v1
2026-01-05 10:00:00+00:00,BNB,0.0003968953516591,return_1h_ahead,hourly_ridge_coldstart_v1
2026-01-05 11:00:00+00:00,BNB,0.0002740616264865,return_1h_ahead,hourly_ridge_coldstart_v1
2026-01-05 12:00:00+00:00,BNB,0.0003329922970844,return_1h_ahead,hourly_ridge_coldstart_v1
2026-01-05 13:00:00+00:00,BNB,4.860232618171629e-05,return_1h_ahead,hourly_ridge_coldstart_v1
2026-01-05 14:00:00+00:00,BNB,0.0001571150962611,return_1h_ahead,hourly_ridge_coldstart_v1
2026-01-05 15:00:00+00:00,BNB,0.0001626872052748,return_1h_ahead,hourly_ridge_coldstart_v1
2026-01-05 16:00:00+00:00,BNB,0.0004012108881667,return_1h_ahead,hourly_ridge_coldstart_v1
2026-01-05 17:00:00+00:00,BNB,0.000136513431217,return_1h_ahead,hourly_ridge_coldstart_v1
2026-01-05 18:00:00+00:00,BNB,0.0002730880568598,return_1h_ahead,hourly_ridge_coldstart_v1
2026-01-05 19:00:00+00:00,BNB,0.0003801136239807,return_1h_ahead,hourly_ridge_coldstart_v1
2026-01-05 20:00:00+00:00,BNB,0.0002379446671317,return_1h_ahead,hourly_ridge_coldstart_v1
2026-01-05 21:00:00+00:00,BNB,-0.0002969879788486,return_1h_ahead,hourly_ridge_coldstart_v1
2026-01-05 22:00:00+00:00,BNB,-5.715998021425811e-05,return_1h_ahead,hourly_ridge_coldstart_v1
2026-01-05 23:00:00+00:00,BNB,-0.0001373887474084,return_1h_ahead,hourly_ridge_coldstart_v1
2026-01-06 01:00:00+00:00,BNB,-0.0003382199111546,return_1h_ahead,hourly_ridge_coldstart_v1
2026-01-06 03:00:00+00:00,BNB,-0.0002157863464137,return_1h_ahead,hourly_ridge_coldstart_v1
2026-01-06 04:00:00+00:00,BNB,0.0003143806255303,return_1h_ahead,hourly_ridge_coldstart_v1
2026-01-06 05:00:00+00:00,BNB,0.0002469737555318,return_1h_ahead,hourly_ridge_coldstart_v1
2026-01-06 06:00:00+00:00,BNB,0.0004620087464804,return_1h_ahead,hourly_ridge_coldstart_v1
2026-01-06 07:00:00+00:00,BNB,0.0003365394841418,return_1h_ahead,hourly_ridge_coldstart_v1
2026-01-06 08:00:00+00:00,BNB,0.0004842232204479,return_1h_ahead,hourly_ridge_coldstart_v1
2026-01-06 09:00:00+00:00,BNB,0.000112947603317,return_1h_ahead,hourly_ridge_coldstart_v1
2026-01-06 10:00:00+00:00,BNB,-0.0001473004802674,return_1h_ahead,hourly_ridge_coldstart_v1
2026-01-06 11:00:00+00:00,BNB,-0.0001558717286135,return_1h_ahead,hourly_ridge_coldstart_v1
2026-01-06 12:00:00+00:00,BNB,-0.0001635481872791,return_1h_ahead,hourly_ridge_coldstart_v1
2026-01-06 13:00:00+00:00,BNB,1.331951925028109e-05,return_1h_ahead,hourly_ridge_coldstart_v1
2026-01-06 14:00:00+00:00,BNB,6.55347897797384e-05,return_1h_ahead,hourly_ridge_coldstart_v1
2026-01-06 15:00:00+00:00,BNB,0.0002204392916566,return_1h_ahead,hourly_ridge_coldstart_v1
2026-01-06 16:00:00+00:00,BNB,-0.0007003874825139,return_1h_ahead,hourly_ridge_coldstart_v1
2026-01-06 17:00:00+00:00,BNB,-0.0006360095148674,return_1h_ahead,hourly_ridge_coldstart_v1
2026-01-06 18:00:00+00:00,BNB,-0.0008904133316401,return_1h_ahead,hourly_ridge_coldstart_v1
2026-01-06 19:00:00+00:00,BNB,-0.0005688563444793,return_1h_ahead,hourly_ridge_coldstart_v1
2026-01-06 20:00:00+00:00,BNB,-0.000335255841702,return_1h_ahead,hourly_ridge_coldstart_v1
2026-01-06 21:00:00+00:00,BNB,-0.0005948332870658,return_1h_ahead,hourly_ridge_coldstart_v1
2026-01-06 22:00:00+00:00,BNB,-0.0006003482259568,return_1h_ahead,hourly_ridge_coldstart_v1
2026-01-06 23:00:00+00:00,BNB,-0.0003556749878767,return_1h_ahead,hourly_ridge_coldstart_v1
2026-01-07 01:00:00+00:00,BNB,-0.0015579030653549,return_1h_ahead,hourly_ridge_coldstart_v1
2026-01-07 03:00:00+00:00,BNB,-0.0010224484434767,return_1h_ahead,hourly_ridge_coldstart_v1
2026-01-07 04:00:00+00:00,BNB,-0.001145411012931,return_1h_ahead,hourly_ridge_coldstart_v1
2026-01-07 05:00:00+00:00,BNB,-0.0008147324628825,return_1h_ahead,hourly_ridge_coldstart_v1
2026-01-07 06:00:00+00:00,BNB,-0.0008616225954943,return_1h_ahead,hourly_ridge_coldstart_v1
2026-01-07 07:00:00+00:00,BNB,-0.0008192881027792,return_1h_ahead,hourly_ridge_coldstart_v1
2026-01-07 08:00:00+00:00,BNB,0.0004099435316421,return_1h_ahead,hourly_ridge_coldstart_v1
2026-01-07 09:00:00+00:00,BNB,-8.15927690577905e-05,return_1h_ahead,hourly_ridge_coldstart_v1
2026-01-07 10:00:00+00:00,BNB,-0.0003241971901731,return_1h_ahead,hourly_ridge_coldstart_v1
2026-01-07 11:00:00+00:00,BNB,-6.928834641937336e-06,return_1h_ahead,hourly_ridge_coldstart_v1
2026-01-07 12:00:00+00:00,BNB,-0.0003051389042341,return_1h_ahead,hourly_ridge_coldstart_v1
2026-01-07 13:00:00+00:00,BNB,-0.0001388647817471,return_1h_ahead,hourly_ridge_coldstart_v1
2026-01-07 14:00:00+00:00,BNB,-0.0002279351633383,return_1h_ahead,hourly_ridge_coldstart_v1
2026-01-07 15:00:00+00:00,BNB,-7.41054944636066e-05,return_1h_ahead,hourly_ridge_coldstart_v1
2026-01-07 16:00:00+00:00,BNB,-3.105375825762863e-06,return_1h_ahead,hourly_ridge_coldstart_v1
2026-01-07 17:00:00+00:00,BNB,0.0001178324227774,return_1h_ahead,hourly_ridge_coldstart_v1
2026-01-07 18:00:00+00:00,BNB,0.0001755668806553,return_1h_ahead,hourly_ridge_coldstart_v1
2026-01-07 19:00:00+00:00,BNB,-4.442879533715584e-05,return_1h_ahead,hourly_ridge_coldstart_v1
2026-01-07 20:00:00+00:00,BNB,0.0002947579605569,return_1h_ahead,hourly_ridge_coldstart_v1
2026-01-07 21:00:00+00:00,BNB,0.0002435454996269,return_1h_ahead,hourly_ridge_coldstart_v1
2026-01-07 22:00:00+00:00,BNB,0.0001420179163168,return_1h_ahead,hourly_ridge_coldstart_v1
2026-01-07 23:00:00+00:00,BNB,0.0001733255785645,return_1h_ahead,hourly_ridge_coldstart_v1
2026-01-08 01:00:00+00:00,BNB,0.0001689029076974,return_1h_ahead,hourly_ridge_coldstart_v1
2026-01-08 03:00:00+00:00,BNB,-0.0002972250229984,return_1h_ahead,hourly_ridge_coldstart_v1
2026-01-08 04:00:00+00:00,BNB,-0.0001302469907724,return_1h_ahead,hourly_ridge_coldstart_v1
2026-01-08 05:00:00+00:00,BNB,1.5566784413365486e-05,return_1h_ahead,hourly_ridge_coldstart_v1
2026-01-08 06:00:00+00:00,BNB,-0.0012474246361143,return_1h_ahead,hourly_ridge_coldstart_v1
2026-01-08 07:00:00+00:00,BNB,-0.0008161071162416,return_1h_ahead,hourly_ridge_coldstart_v1
2026-01-08 08:00:00+00:00,BNB,-0.0007035563051118,return_1h_ahead,hourly_ridge_coldstart_v1
2026-01-08 09:00:00+00:00,BNB,-0.001097502219966,return_1h_ahead,hourly_ridge_coldstart_v1
2026-01-08 10:00:00+00:00,BNB,-0.00091198957695,return_1h_ahead,hourly_ridge_coldstart_v1
2026-01-08 11:00:00+00:00,BNB,-0.0009715944046701,return_1h_ahead,hourly_ridge_coldstart_v1
2026-01-08 12:00:00+00:00,BNB,-0.0003902101694819,return_1h_ahead,hourly_ridge_coldstart_v1
2026-01-08 13:00:00+00:00,BNB,-0.0002351218618157,return_1h_ahead,hourly_ridge_coldstart_v1
2026-01-08 14:00:00+00:00,BNB,-1.928036080562197e-05,return_1h_ahead,hourly_ridge_coldstart_v1
2026-01-08 15:00:00+00:00,BNB,0.0002139260634593,return_1h_ahead,hourly_ridge_coldstart_v1
2026-01-08 16:00:00+00:00,BNB,2.1597569255179443e-05,return_1h_ahead,hourly_ridge_coldstart_v1
2026-01-08 17:00:00+00:00,BNB,9.321686660556842e-05,return_1h_ahead,hourly_ridge_coldstart_v1
2026-01-08 18:00:00+00:00,BNB,8.147823929183825e-05,return_1h_ahead,hourly_ridge_coldstart_v1
2026-01-08 19:00:00+00:00,BNB,-1.1352527370548174e-05,return_1h_ahead,hourly_ridge_coldstart_v1
2026-01-08 20:00:00+00:00,BNB,6.277194973425555e-05,return_1h_ahead,hourly_ridge_coldstart_v1
2026-01-08 21:00:00+00:00,BNB,0.0004701708082952,return_1h_ahead,hourly_ridge_coldstart_v1
2026-01-08 22:00:00+00:00,BNB,0.0003954860542311,return_1h_ahead,hourly_ridge_coldstart_v1
2026-01-08 23:00:00+00:00,BNB,0.0003259660455348,return_1h_ahead,hourly_ridge_coldstart_v1
2026-01-09 01:00:00+00:00,BNB,-7.722200683347194e-05,return_1h_ahead,hourly_ridge_coldstart_v1
2026-01-09 03:00:00+00:00,BNB,0.0001014909174634,return_1h_ahead,hourly_ridge_coldstart_v1
2026-01-09 04:00:00+00:00,BNB,-4.5994761704381474e-05,return_1h_ahead,hourly_ridge_coldstart_v1
2026-01-09 05:00:00+00:00,BNB,5.327211840318522e-05,return_1h_ahead,hourly_ridge_coldstart_v1
2026-01-09 06:00:00+00:00,BNB,7.70655821716353e-06,return_1h_ahead,hourly_ridge_coldstart_v1
2026-01-09 07:00:00+00:00,BNB,1.64391835977816e-05,return_1h_ahead,hourly_ridge_coldstart_v1
2026-01-09 08:00:00+00:00,BNB,0.0001451253254577,return_1h_ahead,hourly_ridge_coldstart_v1
2026-01-09 09:00:00+00:00,BNB,0.000352711908135,return_1h_ahead,hourly_ridge_coldstart_v1
2026-01-09 10:00:00+00:00,BNB,0.0004290651594817,return_1h_ahead,hourly_ridge_coldstart_v1
2026-01-09 11:00:00+00:00,BNB,0.0005234136173452,return_1h_ahead,hourly_ridge_coldstart_v1
2026-01-09 12:00:00+00:00,BNB,0.0003926689378106,return_1h_ahead,hourly_ridge_coldstart_v1
2026-01-09 13:00:00+00:00,BNB,0.0004004534202248,return_1h_ahead,hourly_ridge_coldstart_v1
2026-01-09 14:00:00+00:00,BNB,0.0001792730110807,return_1h_ahead,hourly_ridge_coldstart_v1
2026-01-09 15:00:00+00:00,BNB,0.0003366611068741,return_1h_ahead,hourly_ridge_coldstart_v1
2026-01-09 16:00:00+00:00,BNB,0.000183723990683,return_1h_ahead,hourly_ridge_coldstart_v1
2026-01-09 17:00:00+00:00,BNB,-0.0001501954912212,return_1h_ahead,hourly_ridge_coldstart_v1
2026-01-09 18:00:00+00:00,BNB,-0.0003198499401793,return_1h_ahead,hourly_ridge_coldstart_v1
2026-01-09 19:00:00+00:00,BNB,-0.0001990188664946,return_1h_ahead,hourly_ridge_coldstart_v1
2026-01-09 20:00:00+00:00,BNB,-2.376437369178385e-05,return_1h_ahead,hourly_ridge_coldstart_v1
2026-01-09 21:00:00+00:00,BNB,-0.000124380218132,return_1h_ahead,hourly_ridge_coldstart_v1
2026-01-09 22:00:00+00:00,BNB,0.0003084120891396,return_1h_ahead,hourly_ridge_coldstart_v1
2026-01-09 23:00:00+00:00,BNB,0.000323720198953,return_1h_ahead,hourly_ridge_coldstart_v1
2026-01-10 01:00:00+00:00,BNB,0.000557883156838,return_1h_ahead,hourly_ridge_coldstart_v1
2026-01-10 03:00:00+00:00,BNB,0.00056452847321,return_1h_ahead,hourly_ridge_coldstart_v1
2026-01-10 04:00:00+00:00,BNB,0.000613150321551,return_1h_ahead,hourly_ridge_coldstart_v1
2026-01-10 05:00:00+00:00,BNB,0.0006516054639756,return_1h_ahead,hourly_ridge_coldstart_v1
2026-01-10 06:00:00+00:00,BNB,0.0004850866065281,return_1h_ahead,hourly_ridge_coldstart_v1
2026-01-10 07:00:00+00:00,BNB,0.0003977299121001,return_1h_ahead,hourly_ridge_coldstart_v1
2026-01-10 08:00:00+00:00,BNB,0.0001270018941881,return_1h_ahead,hourly_ridge_coldstart_v1
2026-01-10 09:00:00+00:00,BNB,5.049130023761751e-05,return_1h_ahead,hourly_ridge_coldstart_v1
2026-01-10 10:00:00+00:00,BNB,0.0002388412953342,return_1h_ahead,hourly_ridge_coldstart_v1
2026-01-10 11:00:00+00:00,BNB,0.0005352612640325,return_1h_ahead,hourly_ridge_coldstart_v1
2026-01-10 12:00:00+00:00,BNB,0.0004489630243723,return_1h_ahead,hourly_ridge_coldstart_v1
2026-01-10 13:00:00+00:00,BNB,0.0004493759673119,return_1h_ahead,hourly_ridge_coldstart_v1
2026-01-10 14:00:00+00:00,BNB,0.000458324736353,return_1h_ahead,hourly_ridge_coldstart_v1
2026-01-10 15:00:00+00:00,BNB,0.0005022557344588,return_1h_ahead,hourly_ridge_coldstart_v1
2026-01-10 16:00:00+00:00,BNB,0.000430279642865,return_1h_ahead,hourly_ridge_coldstart_v1
2026-01-10 17:00:00+00:00,BNB,0.0004728214508987,return_1h_ahead,hourly_ridge_coldstart_v1
2026-01-10 18:00:00+00:00,BNB,0.0006382676267344,return_1h_ahead,hourly_ridge_coldstart_v1
2026-01-10 19:00:00+00:00,BNB,0.000660275183053,return_1h_ahead,hourly_ridge_coldstart_v1
2026-01-10 20:00:00+00:00,BNB,0.0006767078875808,return_1h_ahead,hourly_ridge_coldstart_v1
2026-01-10 21:00:00+00:00,BNB,-0.0002586077571703,return_1h_ahead,hourly_ridge_coldstart_v1
2026-01-10 22:00:00+00:00,BNB,-0.0003990327083088,return_1h_ahead,hourly_ridge_coldstart_v1
2026-01-10 23:00:00+00:00,BNB,-0.00014620911574,return_1h_ahead,hourly_ridge_coldstart_v1
2026-01-11 01:00:00+00:00,BNB,-0.0001848816100204,return_1h_ahead,hourly_ridge_coldstart_v1
2026-01-11 03:00:00+00:00,BNB,-0.0002212130107216,return_1h_ahead,hourly_ridge_coldstart_v1
2026-01-11 04:00:00+00:00,BNB,-0.0002451713936901,return_1h_ahead,hourly_ridge_coldstart_v1
2026-01-11 05:00:00+00:00,BNB,-0.0001310038029203,return_1h_ahead,hourly_ridge_coldstart_v1
2026-01-11 06:00:00+00:00,BNB,0.0003827700241426,return_1h_ahead,hourly_ridge_coldstart_v1
2026-01-11 07:00:00+00:00,BNB,0.0004183703372009,return_1h_ahead,hourly_ridge_coldstart_v1
2026-01-11 08:00:00+00:00,BNB,0.0003155864319116,return_1h_ahead,hourly_ridge_coldstart_v1
2026-01-11 09:00:00+00:00,BNB,0.000485056278775,return_1h_ahead,hourly_ridge_coldstart_v1
2026-01-11 10:00:00+00:00,BNB,0.0002639539739963,return_1h_ahead,hourly_ridge_coldstart_v1
2026-01-11 11:00:00+00:00,BNB,0.0003811132997174,return_1h_ahead,hourly_ridge_coldstart_v1
2026-01-11 12:00:00+00:00,BNB,0.0004403531969429,return_1h_ahead,hourly_ridge_coldstart_v1
2026-01-11 13:00:00+00:00,BNB,0.00051647698256,return_1h_ahead,hourly_ridge_coldstart_v1
2026-01-11 14:00:00+00:00,BNB,0.0005078522043229,return_1h_ahead,hourly_ridge_coldstart_v1
2026-01-11 15:00:00+00:00,BNB,0.0001361404590671,return_1h_ahead,hourly_ridge_coldstart_v1
2026-01-11 16:00:00+00:00,BNB,0.0002721900982047,return_1h_ahead,hourly_ridge_coldstart_v1
2026-01-11 17:00:00+00:00,BNB,0.0002372379497144,return_1h_ahead,hourly_ridge_coldstart_v1
2026-01-11 18:00:00+00:00,BNB,0.0002750552561821,return_1h_ahead,hourly_ridge_coldstart_v1
2026-01-11 19:00:00+00:00,BNB,0.0003544301287583,return_1h_ahead,hourly_ridge_coldstart_v1
2026-01-11 20:00:00+00:00,BNB,0.0002000018175691,return_1h_ahead,hourly_ridge_coldstart_v1
2026-01-11 21:00:00+00:00,BNB,0.0004044063319954,return_1h_ahead,hourly_ridge_coldstart_v1
2026-01-11 22:00:00+00:00,BNB,0.0003819245663909,return_1h_ahead,hourly_ridge_coldstart_v1
2026-01-11 23:00:00+00:00,BNB,0.0003362151098898,return_1h_ahead,hourly_ridge_coldstart_v1
2026-01-12 01:00:00+00:00,BNB,0.0002412042730221,return_1h_ahead,hourly_ridge_coldstart_v1
2026-01-12 03:00:00+00:00,BNB,0.0002349310289466,return_1h_ahead,hourly_ridge_coldstart_v1
2026-01-12 04:00:00+00:00,BNB,0.0004736818918881,return_1h_ahead,hourly_ridge_coldstart_v1
2026-01-12 05:00:00+00:00,BNB,0.0003715956515071,return_1h_ahead,hourly_ridge_coldstart_v1
2026-01-12 06:00:00+00:00,BNB,0.0001756310408606,return_1h_ahead,hourly_ridge_coldstart_v1
2026-01-12 07:00:00+00:00,BNB,0.0001536169386803,return_1h_ahead,hourly_ridge_coldstart_v1
2026-01-12 08:00:00+00:00,BNB,0.0002628615704916,return_1h_ahead,hourly_ridge_coldstart_v1
2026-01-12 09:00:00+00:00,BNB,5.5045826363701086e-05,return_1h_ahead,hourly_ridge_coldstart_v1
2026-01-12 10:00:00+00:00,BNB,0.0003158306700575,return_1h_ahead,hourly_ridge_coldstart_v1
2026-01-12 11:00:00+00:00,BNB,0.000393862035331,return_1h_ahead,hourly_ridge_coldstart_v1
2026-01-12 12:00:00+00:00,BNB,0.0003639855394342,return_1h_ahead,hourly_ridge_coldstart_v1
2026-01-12 13:00:00+00:00,BNB,0.0003468960806864,return_1h_ahead,hourly_ridge_coldstart_v1
2026-01-12 14:00:00+00:00,BNB,2.9776785672442707e-05,return_1h_ahead,hourly_ridge_coldstart_v1
2026-01-12 15:00:00+00:00,BNB,1.9637432706899258e-05,return_1h_ahead,hourly_ridge_coldstart_v1
2026-01-12 16:00:00+00:00,BNB,-0.0001102169356315,return_1h_ahead,hourly_ridge_coldstart_v1
2026-01-12 17:00:00+00:00,BNB,-0.0003165755216311,return_1h_ahead,hourly_ridge_coldstart_v1
2026-01-12 18:00:00+00:00,BNB,-0.0002545886251522,return_1h_ahead,hourly_ridge_coldstart_v1
2026-01-12 19:00:00+00:00,BNB,-0.0002511310761473,return_1h_ahead,hourly_ridge_coldstart_v1
2026-01-12 20:00:00+00:00,BNB,-4.040747678380255e-05,return_1h_ahead,hourly_ridge_coldstart_v1
2026-01-12 21:00:00+00:00,BNB,0.0002634787181002,return_1h_ahead,hourly_ridge_coldstart_v1
2026-01-12 22:00:00+00:00,BNB,0.0005407700197375,return_1h_ahead,hourly_ridge_coldstart_v1
2026-01-12 23:00:00+00:00,BNB,0.000600612313735,return_1h_ahead,hourly_ridge_coldstart_v1
2026-01-13 01:00:00+00:00,BNB,0.0005587206874886,return_1h_ahead,hourly_ridge_coldstart_v1
2026-01-13 03:00:00+00:00,BNB,0.000563894922628,return_1h_ahead,hourly_ridge_coldstart_v1
2026-01-13 04:00:00+00:00,BNB,0.0005197457651247,return_1h_ahead,hourly_ridge_coldstart_v1
2026-01-13 05:00:00+00:00,BNB,0.0005113879672006,return_1h_ahead,hourly_ridge_coldstart_v1
2026-01-13 06:00:00+00:00,BNB,0.000566019378569,return_1h_ahead,hourly_ridge_coldstart_v1
2026-01-13 07:00:00+00:00,BNB,0.0005873452823268,return_1h_ahead,hourly_ridge_coldstart_v1
2026-01-13 08:00:00+00:00,BNB,0.0002224959433478,return_1h_ahead,hourly_ridge_coldstart_v1
2026-01-13 09:00:00+00:00,BNB,0.0003246633436927,return_1h_ahead,hourly_ridge_coldstart_v1
2026-01-13 10:00:00+00:00,BNB,0.0002892012082579,return_1h_ahead,hourly_ridge_coldstart_v1
2026-01-13 11:00:00+00:00,BNB,0.0003692946941012,return_1h_ahead,hourly_ridge_coldstart_v1
2026-01-13 12:00:00+00:00,BNB,0.0003916896303707,return_1h_ahead,hourly_ridge_coldstart_v1
2026-01-13 13:00:00+00:00,BNB,0.000547149946004,return_1h_ahead,hourly_ridge_coldstart_v1
2026-01-13 14:00:00+00:00,BNB,0.0006562761005113,return_1h_ahead,hourly_ridge_coldstart_v1
2026-01-13 15:00:00+00:00,BNB,0.000682198214502,return_1h_ahead,hourly_ridge_coldstart_v1
2026-01-13 16:00:00+00:00,BNB,0.0002139175688545,return_1h_ahead,hourly_ridge_coldstart_v1
2026-01-13 17:00:00+00:00,BNB,-8.038081931277297e-05,return_1h_ahead,hourly_ridge_coldstart_v1
2026-01-13 18:00:00+00:00,BNB,-0.0003013904852194,return_1h_ahead,hourly_ridge_coldstart_v1
2026-01-13 19:00:00+00:00,BNB,-0.0005965622236231,return_1h_ahead,hourly_ridge_coldstart_v1
2026-01-13 20:00:00+00:00,BNB,-0.0005635635779253,return_1h_ahead,hourly_ridge_coldstart_v1
2026-01-13 21:00:00+00:00,BNB,-0.000919935677318,return_1h_ahead,hourly_ridge_coldstart_v1
2026-01-13 22:00:00+00:00,BNB,-0.0005767706665912,return_1h_ahead,hourly_ridge_coldstart_v1
2026-01-13 23:00:00+00:00,BNB,-0.0008532411645474,return_1h_ahead,hourly_ridge_coldstart_v1
2026-01-14 01:00:00+00:00,BNB,4.4193916494118514e-05,return_1h_ahead,hourly_ridge_coldstart_v1
2026-01-14 03:00:00+00:00,BNB,0.0002228340492696,return_1h_ahead,hourly_ridge_coldstart_v1
2026-01-14 04:00:00+00:00,BNB,-0.0003661534221272,return_1h_ahead,hourly_ridge_coldstart_v1
2026-01-14 05:00:00+00:00,BNB,-0.0002205491285114,return_1h_ahead,hourly_ridge_coldstart_v1
2026-01-14 06:00:00+00:00,BNB,-9.260658747490457e-05,return_1h_ahead,hourly_ridge_coldstart_v1
2026-01-14 07:00:00+00:00,BNB,3.236268122334767e-05,return_1h_ahead,hourly_ridge_coldstart_v1
2026-01-14 08:00:00+00:00,BNB,-3.130716363956604e-05,return_1h_ahead,hourly_ridge_coldstart_v1
2026-01-14 09:00:00+00:00,BNB,0.000138456212802,return_1h_ahead,hourly_ridge_coldstart_v1
2026-01-14 10:00:00+00:00,BNB,0.0003031009313439,return_1h_ahead,hourly_ridge_coldstart_v1
2026-01-14 11:00:00+00:00,BNB,-0.0001698823389151,return_1h_ahead,hourly_ridge_coldstart_v1
2026-01-14 12:00:00+00:00,BNB,5.3213362282944536e-05,return_1h_ahead,hourly_ridge_coldstart_v1
2026-01-14 13:00:00+00:00,BNB,-6.961754791579575e-05,return_1h_ahead,hourly_ridge_coldstart_v1
2026-01-14 14:00:00+00:00,BNB,-3.278292895524316e-05,return_1h_ahead,hourly_ridge_coldstart_v1
2026-01-14 15:00:00+00:00,BNB,-0.0001274593855264,return_1h_ahead,hourly_ridge_coldstart_v1
2026-01-14 16:00:00+00:00,BNB,-0.0002468156410089,return_1h_ahead,hourly_ridge_coldstart_v1
2026-01-14 17:00:00+00:00,BNB,0.0002470625401738,return_1h_ahead,hourly_ridge_coldstart_v1
2026-01-14 18:00:00+00:00,BNB,0.0001010598709169,return_1h_ahead,hourly_ridge_coldstart_v1
2026-01-14 19:00:00+00:00,BNB,0.0002083965182106,return_1h_ahead,hourly_ridge_coldstart_v1
2026-01-14 20:00:00+00:00,BNB,0.0003099631082463,return_1h_ahead,hourly_ridge_coldstart_v1
2026-01-14 21:00:00+00:00,BNB,0.0005163451724166,return_1h_ahead,hourly_ridge_coldstart_v1
2026-01-14 22:00:00+00:00,BNB,0.0005257651601926,return_1h_ahead,hourly_ridge_coldstart_v1
2026-01-14 23:00:00+00:00,BNB,0.0004543961381213,return_1h_ahead,hourly_ridge_coldstart_v1
2026-01-15 01:00:00+00:00,BNB,-0.0009815552521763,return_1h_ahead,hourly_ridge_coldstart_v1
2026-01-15 03:00:00+00:00,BNB,-0.0009732772594939,return_1h_ahead,hourly_ridge_coldstart_v1
2026-01-15 04:00:00+00:00,BNB,-0.0007113857847484,return_1h_ahead,hourly_ridge_coldstart_v1
2026-01-15 05:00:00+00:00,BNB,-0.0009008578687155,return_1h_ahead,hourly_ridge_coldstart_v1
2026-01-15 06:00:00+00:00,BNB,-0.0008623932736605,return_1h_ahead,hourly_ridge_coldstart_v1
2026-01-15 07:00:00+00:00,BNB,-0.0008056917241716949,return_1h_ahead,hourly_ridge_coldstart_v1
2026-01-03 16:00:00+00:00,BTC,0.0005947083592517,return_1h_ahead,hourly_ridge_coldstart_v1
2026-01-03 17:00:00+00:00,BTC,0.0006548413108133,return_1h_ahead,hourly_ridge_coldstart_v1
2026-01-03 18:00:00+00:00,BTC,0.0006503622250802,return_1h_ahead,hourly_ridge_coldstart_v1
2026-01-03 19:00:00+00:00,BTC,0.0006601291902733,return_1h_ahead,hourly_ridge_coldstart_v1
2026-01-03 20:00:00+00:00,BTC,0.0006941882899969,return_1h_ahead,hourly_ridge_coldstart_v1
2026-01-03 21:00:00+00:00,BTC,0.000615730750612,return_1h_ahead,hourly_ridge_coldstart_v1
2026-01-03 22:00:00+00:00,BTC,0.0005703589799428,return_1h_ahead,hourly_ridge_coldstart_v1
2026-01-03 23:00:00+00:00,BTC,0.0005032206461271,return_1h_ahead,hourly_ridge_coldstart_v1
2026-01-04 01:00:00+00:00,BTC,0.0005055496401348,return_1h_ahead,hourly_ridge_coldstart_v1
2026-01-04 03:00:00+00:00,BTC,0.0005399478042719,return_1h_ahead,hourly_ridge_coldstart_v1
2026-01-04 04:00:00+00:00,BTC,0.0006184653665355,return_1h_ahead,hourly_ridge_coldstart_v1
2026-01-04 05:00:00+00:00,BTC,0.0004250132466192,return_1h_ahead,hourly_ridge_coldstart_v1
2026-01-04 06:00:00+00:00,BTC,0.0004888917168552,return_1h_ahead,hourly_ridge_coldstart_v1
2026-01-04 07:00:00+00:00,BTC,0.0001663801537584,return_1h_ahead,hourly_ridge_coldstart_v1
2026-01-04 08:00:00+00:00,BTC,0.0003144023837091,return_1h_ahead,hourly_ridge_coldstart_v1
2026-01-04 09:00:00+00:00,BTC,0.0004531377118538,return_1h_ahead,hourly_ridge_coldstart_v1
2026-01-04 10:00:00+00:00,BTC,0.0004915670650011,return_1h_ahead,hourly_ridge_coldstart_v1
2026-01-04 11:00:00+00:00,BTC,0.0003899534265877,return_1h_ahead,hourly_ridge_coldstart_v1
2026-01-04 12:00:00+00:00,BTC,0.0004068576305662,return_1h_ahead,hourly_ridge_coldstart_v1
2026-01-04 13:00:00+00:00,BTC,0.0005285179645834,return_1h_ahead,hourly_ridge_coldstart_v1
2026-01-04 14:00:00+00:00,BTC,0.0005644523477206,return_1h_ahead,hourly_ridge_coldstart_v1
2026-01-04 15:00:00+00:00,BTC,0.0005506969285948,return_1h_ahead,hourly_ridge_coldstart_v1
2026-01-04 16:00:00+00:00,BTC,0.0006069974089009,return_1h_ahead,hourly_ridge_coldstart_v1
2026-01-04 17:00:00+00:00,BTC,0.0006244798205761,return_1h_ahead,hourly_ridge_coldstart_v1
2026-01-04 18:00:00+00:00,BTC,0.00055443922604,return_1h_ahead,hourly_ridge_coldstart_v1
2026-01-04 19:00:00+00:00,BTC,0.0005043627487352,return_1h_ahead,hourly_ridge_coldstart_v1
2026-01-04 20:00:00+00:00,BTC,0.0005557030896702,return_1h_ahead,hourly_ridge_coldstart_v1
2026-01-04 21:00:00+00:00,BTC,0.0004897749759073,return_1h_ahead,hourly_ridge_coldstart_v1
2026-01-04 22:00:00+00:00,BTC,0.000393799515362,return_1h_ahead,hourly_ridge_coldstart_v1
2026-01-04 23:00:00+00:00,BTC,0.0004545965890876,return_1h_ahead,hourly_ridge_coldstart_v1
2026-01-05 01:00:00+00:00,BTC,-0.0004427376986108,return_1h_ahead,hourly_ridge_coldstart_v1
2026-01-05 03:00:00+00:00,BTC,-0.0011035908580229,return_1h_ahead,hourly_ridge_coldstart_v1
2026-01-05 04:00:00+00:00,BTC,-0.0012904734228441,return_1h_ahead,hourly_ridge_coldstart_v1
2026-01-05 05:00:00+00:00,BTC,-0.0011690889149775,return_1h_ahead,hourly_ridge_coldstart_v1
2026-01-05 06:00:00+00:00,BTC,-0.0013454183827398,return_1h_ahead,hourly_ridge_coldstart_v1
2026-01-05 07:00:00+00:00,BTC,-0.0011533486590289,return_1h_ahead,hourly_ridge_coldstart_v1
2026-01-05 08:00:00+00:00,BTC,0.0002905678822254,return_1h_ahead,hourly_ridge_coldstart_v1
2026-01-05 09:00:00+00:00,BTC,0.0002101802484558,return_1h_ahead,hourly_ridge_coldstart_v1
2026-01-05 10:00:00+00:00,BTC,0.0003699187784966,return_1h_ahead,hourly_ridge_coldstart_v1
2026-01-05 11:00:00+00:00,BTC,0.0002811494457768,return_1h_ahead,hourly_ridge_coldstart_v1
2026-01-05 12:00:00+00:00,BTC,0.0003753110332715,return_1h_ahead,hourly_ridge_coldstart_v1
2026-01-05 13:00:00+00:00,BTC,0.0003862768207871,return_1h_ahead,hourly_ridge_coldstart_v1
2026-01-05 14:00:00+00:00,BTC,0.0004781830945278,return_1h_ahead,hourly_ridge_coldstart_v1
2026-01-05 15:00:00+00:00,BTC,0.000368796865139,return_1h_ahead,hourly_ridge_coldstart_v1
2026-01-05 16:00:00+00:00,BTC,0.0002457707287481,return_1h_ahead,hourly_ridge_coldstart_v1
2026-01-05 17:00:00+00:00,BTC,-0.0001840765273034,return_1h_ahead,hourly_ridge_coldstart_v1
2026-01-05 18:00:00+00:00,BTC,6.405271877276731e-05,return_1h_ahead,hourly_ridge_coldstart_v1
2026-01-05 19:00:00+00:00,BTC,9.915764547319128e-05,return_1h_ahead,hourly_ridge_coldstart_v1
2026-01-05 20:00:00+00:00,BTC,3.474095788017826e-05,return_1h_ahead,hourly_ridge_coldstart_v1
2026-01-05 21:00:00+00:00,BTC,-0.00030418932343,return_1h_ahead,hourly_ridge_coldstart_v1
2026-01-05 22:00:00+00:00,BTC,9.729018897908454e-06,return_1h_ahead,hourly_ridge_coldstart_v1
2026-01-05 23:00:00+00:00,BTC,-0.0001164975199263,return_1h_ahead,hourly_ridge_coldstart_v1
2026-01-06 01:00:00+00:00,BTC,9.846913806788988e-05,return_1h_ahead,hourly_ridge_coldstart_v1
2026-01-06 03:00:00+00:00,BTC,0.0002683377782952,return_1h_ahead,hourly_ridge_coldstart_v1
2026-01-06 04:00:00+00:00,BTC,0.0003264936377289,return_1h_ahead,hourly_ridge_coldstart_v1
2026-01-06 05:00:00+00:00,BTC,0.0004175183618003,return_1h_ahead,hourly_ridge_coldstart_v1
2026-01-06 06:00:00+00:00,BTC,0.0005961781542232,return_1h_ahead,hourly_ridge_coldstart_v1
2026-01-06 07:00:00+00:00,BTC,0.000207094820254,return_1h_ahead,hourly_ridge_coldstart_v1
2026-01-06 08:00:00+00:00,BTC,0.0003421754860744,return_1h_ahead,hourly_ridge_coldstart_v1
2026-01-06 09:00:00+00:00,BTC,0.0003427062261121,return_1h_ahead,hourly_ridge_coldstart_v1
2026-01-06 10:00:00+00:00,BTC,0.0002922631475031,return_1h_ahead,hourly_ridge_coldstart_v1
2026-01-06 11:00:00+00:00,BTC,0.0002943726679969,return_1h_ahead,hourly_ridge_coldstart_v1
2026-01-06 12:00:00+00:00,BTC,0.0002656809064751,return_1h_ahead,hourly_ridge_coldstart_v1
2026-01-06 13:00:00+00:00,BTC,0.0005416060085089,return_1h_ahead,hourly_ridge_coldstart_v1
2026-01-06 14:00:00+00:00,BTC,0.0004331658188746,return_1h_ahead,hourly_ridge_coldstart_v1
2026-01-06 15:00:00+00:00,BTC,1.0289012651857829e-05,return_1h_ahead,hourly_ridge_coldstart_v1
2026-01-06 16:00:00+00:00,BTC,-0.0010806470333119,return_1h_ahead,hourly_ridge_coldstart_v1
2026-01-06 17:00:00+00:00,BTC,-0.000825310036763,return_1h_ahead,hourly_ridge_coldstart_v1
2026-01-06 18:00:00+00:00,BTC,-0.0008950550071832,return_1h_ahead,hourly_ridge_coldstart_v1
2026-01-06 19:00:00+00:00,BTC,-0.0007081142875864,return_1h_ahead,hourly_ridge_coldstart_v1
2026-01-06 20:00:00+00:00,BTC,-0.0004484164908303,return_1h_ahead,hourly_ridge_coldstart_v1
2026-01-06 21:00:00+00:00,BTC,-0.0008861996837203,return_1h_ahead,hourly_ridge_coldstart_v1
2026-01-06 22:00:00+00:00,BTC,-0.0012456411293818,return_1h_ahead,hourly_ridge_coldstart_v1
2026-01-06 23:00:00+00:00,BTC,-0.0008165058975432,return_1h_ahead,hourly_ridge_coldstart_v1
2026-01-07 01:00:00+00:00,BTC,-0.0016001329640204,return_1h_ahead,hourly_ridge_coldstart_v1
2026-01-07 03:00:00+00:00,BTC,-0.0011522459077166,return_1h_ahead,hourly_ridge_coldstart_v1
2026-01-07 04:00:00+00:00,BTC,-0.0013345345713327,return_1h_ahead,hourly_ridge_coldstart_v1
2026-01-07 05:00:00+00:00,BTC,-0.0006490299570678,return_1h_ahead,hourly_ridge_coldstart_v1
2026-01-07 06:00:00+00:00,BTC,-0.0005014826862288,return_1h_ahead,hourly_ridge_coldstart_v1
2026-01-07 07:00:00+00:00,BTC,-0.000381243205788,return_1h_ahead,hourly_ridge_coldstart_v1
2026-01-07 08:00:00+00:00,BTC,0.0004461908437604,return_1h_ahead,hourly_ridge_coldstart_v1
2026-01-07 09:00:00+00:00,BTC,-0.0004358013869713,return_1h_ahead,hourly_ridge_coldstart_v1
2026-01-07 10:00:00+00:00,BTC,-0.0002082704843673,return_1h_ahead,hourly_ridge_coldstart_v1
2026-01-07 11:00:00+00:00,BTC,-0.000128399265973,return_1h_ahead,hourly_ridge_coldstart_v1
2026-01-07 12:00:00+00:00,BTC,-0.0002370467446813,return_1h_ahead,hourly_ridge_coldstart_v1
2026-01-07 13:00:00+00:00,BTC,-0.000203954308613,return_1h_ahead,hourly_ridge_coldstart_v1
2026-01-07 14:00:00+00:00,BTC,-0.0004661356796089,return_1h_ahead,hourly_ridge_coldstart_v1
2026-01-07 15:00:00+00:00,BTC,-4.131887409221944e-08,return_1h_ahead,hourly_ridge_coldstart_v1
2026-01-07 16:00:00+00:00,BTC,9.952091347573296e-05,return_1h_ahead,hourly_ridge_coldstart_v1
2026-01-07 17:00:00+00:00,BTC,0.0001354409916065,return_1h_ahead,hourly_ridge_coldstart_v1
2026-01-07 18:00:00+00:00,BTC,9.706777219272176e-05,return_1h_ahead,hourly_ridge_coldstart_v1
2026-01-07 19:00:00+00:00,BTC,-0.000159109189203,return_1h_ahead,hourly_ridge_coldstart_v1
2026-01-07 20:00:00+00:00,BTC,0.0001388944229015,return_1h_ahead,hourly_ridge_coldstart_v1
2026-01-07 21:00:00+00:00,BTC,0.0001237494108856,return_1h_ahead,hourly_ridge_coldstart_v1
2026-01-07 22:00:00+00:00,BTC,-1.1926977263659476e-05,return_1h_ahead,hourly_ridge_coldstart_v1
2026-01-07 23:00:00+00:00,BTC,3.945296606236884e-05,return_1h_ahead,hourly_ridge_coldstart_v1
2026-01-08 01:00:00+00:00,BTC,-6.75066701240609e-05,return_1h_ahead,hourly_ridge_coldstart_v1
2026-01-08 03:00:00+00:00,BTC,-4.698883838002657e-05,return_1h_ahead,hourly_ridge_coldstart_v1
2026-01-08 04:00:00+00:00,BTC,9.280943853954312e-05,return_1h_ahead,hourly_ridge_coldstart_v1
2026-01-08 05:00:00+00:00,BTC,0.0002310899296005,return_1h_ahead,hourly_ridge_coldstart_v1
2026-01-08 06:00:00+00:00,BTC,-0.0005794225522708,return_1h_ahead,hourly_ridge_coldstart_v1
2026-01-08 07:00:00+00:00,BTC,-0.0001486928875859,return_1h_ahead,hourly_ridge_coldstart_v1
2026-01-08 08:00:00+00:00,BTC,-0.0002080135585587,return_1h_ahead,hourly_ridge_coldstart_v1
2026-01-08 09:00:00+00:00,BTC,-0.0006935880541892,return_1h_ahead,hourly_ridge_coldstart_v1
2026-01-08 10:00:00+00:00,BTC,-0.0004680023869678,return_1h_ahead,hourly_ridge_coldstart_v1
2026-01-08 11:00:00+00:00,BTC,-0.000478588120805,return_1h_ahead,hourly_ridge_coldstart_v1
2026-01-08 12:00:00+00:00,BTC,-0.000215051314609,return_1h_ahead,hourly_ridge_coldstart_v1
2026-01-08 13:00:00+00:00,BTC,-0.0001411670042044,return_1h_ahead,hourly_ridge_coldstart_v1
2026-01-08 14:00:00+00:00,BTC,0.0001381926520675,return_1h_ahead,hourly_ridge_coldstart_v1
2026-01-08 15:00:00+00:00,BTC,0.0001762645937512,return_1h_ahead,hourly_ridge_coldstart_v1
2026-01-08 16:00:00+00:00,BTC,-5.268745253982554e-05,return_1h_ahead,hourly_ridge_coldstart_v1
2026-01-08 17:00:00+00:00,BTC,-8.60481219441524e-06,return_1h_ahead,hourly_ridge_coldstart_v1
2026-01-08 18:00:00+00:00,BTC,1.8212061036530466e-05,return_1h_ahead,hourly_ridge_coldstart_v1
2026-01-08 19:00:00+00:00,BTC,-0.0002083350815548,return_1h_ahead,hourly_ridge_coldstart_v1
2026-01-08 20:00:00+00:00,BTC,-0.0003502353323957,return_1h_ahead,hourly_ridge_coldstart_v1
2026-01-08 21:00:00+00:00,BTC,0.000152670183011,return_1h_ahead,hourly_ridge_coldstart_v1
2026-01-08 22:00:00+00:00,BTC,9.297932304282028e-05,return_1h_ahead,hourly_ridge_coldstart_v1
2026-01-08 23:00:00+00:00,BTC,7.946316759188118e-05,return_1h_ahead,hourly_ridge_coldstart_v1
2026-01-09 01:00:00+00:00,BTC,-0.0001115291514337,return_1h_ahead,hourly_ridge_coldstart_v1
2026-01-09 03:00:00+00:00,BTC,7.512069332509067e-05,return_1h_ahead,hourly_ridge_coldstart_v1
2026-01-09 04:00:00+00:00,BTC,-3.14905975553011e-05,return_1h_ahead,hourly_ridge_coldstart_v1
2026-01-09 05:00:00+00:00,BTC,0.0001851208354885,return_1h_ahead,hourly_ridge_coldstart_v1
2026-01-09 06:00:00+00:00,BTC,0.0003019252744633,return_1h_ahead,hourly_ridge_coldstart_v1
2026-01-09 07:00:00+00:00,BTC,0.0002863690237003,return_1h_ahead,hourly_ridge_coldstart_v1
2026-01-09 08:00:00+00:00,BTC,0.0001719812668412,return_1h_ahead,hourly_ridge_coldstart_v1
2026-01-09 09:00:00+00:00,BTC,0.0002648965992954,return_1h_ahead,hourly_ridge_coldstart_v1
2026-01-09 10:00:00+00:00,BTC,0.0003631730384187,return_1h_ahead,hourly_ridge_coldstart_v1
2026-01-09 11:00:00+00:00,BTC,0.0003166278515303,return_1h_ahead,hourly_ridge_coldstart_v1
2026-01-09 12:00:00+00:00,BTC,0.00021860205923,return_1h_ahead,hourly_ridge_coldstart_v1
2026-01-09 13:00:00+00:00,BTC,0.0002317220244671,return_1h_ahead,hourly_ridge_coldstart_v1
2026-01-09 14:00:00+00:00,BTC,3.975854932365648e-05,return_1h_ahead,hourly_ridge_coldstart_v1
2026-01-09 15:00:00+00:00,BTC,0.0003028792711711,return_1h_ahead,hourly_ridge_coldstart_v1
2026-01-09 16:00:00+00:00,BTC,0.0001277273110827,return_1h_ahead,hourly_ridge_coldstart_v1
2026-01-09 17:00:00+00:00,BTC,-0.0003289944108874,return_1h_ahead,hourly_ridge_coldstart_v1
2026-01-09 18:00:00+00:00,BTC,-0.0006985383705208,return_1h_ahead,hourly_ridge_coldstart_v1
2026-01-09 19:00:00+00:00,BTC,-0.0004476884273082,return_1h_ahead,hourly_ridge_coldstart_v1
2026-01-09 20:00:00+00:00,BTC,-0.0003657141262966,return_1h_ahead,hourly_ridge_coldstart_v1
2026-01-09 21:00:00+00:00,BTC,-0.0003645729453096,return_1h_ahead,hourly_ridge_coldstart_v1
2026-01-09 22:00:00+00:00,BTC,0.0002148406236915,return_1h_ahead,hourly_ridge_coldstart_v1
2026-01-09 23:00:00+00:00,BTC,0.0001713961030954,return_1h_ahead,hourly_ridge_coldstart_v1
2026-01-10 01:00:00+00:00,BTC,0.0005196845632338,return_1h_ahead,hourly_ridge_coldstart_v1
2026-01-10 03:00:00+00:00,BTC,0.0005033878766481,return_1h_ahead,hourly_ridge_coldstart_v1
2026-01-10 04:00:00+00:00,BTC,0.00047920581649,return_1h_ahead,hourly_ridge_coldstart_v1
2026-01-10 05:00:00+00:00,BTC,0.0005162496624249,return_1h_ahead,hourly_ridge_coldstart_v1
2026-01-10 06:00:00+00:00,BTC,0.0005166622953136,return_1h_ahead,hourly_ridge_coldstart_v1
2026-01-10 07:00:00+00:00,BTC,0.0007667540407289,return_1h_ahead,hourly_ridge_coldstart_v1
2026-01-10 08:00:00+00:00,BTC,0.0007278129347428,return_1h_ahead,hourly_ridge_coldstart_v1
2026-01-10 09:00:00+00:00,BTC,0.0006930006064874,return_1h_ahead,hourly_ridge_coldstart_v1
2026-01-10 10:00:00+00:00,BTC,0.0007496270627425,return_1h_ahead,hourly_ridge_coldstart_v1
2026-01-10 11:00:00+00:00,BTC,0.0007242863600081,return_1h_ahead,hourly_ridge_coldstart_v1
2026-01-10 12:00:00+00:00,BTC,0.000629232549375,return_1h_ahead,hourly_ridge_coldstart_v1
2026-01-10 13:00:00+00:00,BTC,0.0006719882924627,return_1h_ahead,hourly_ridge_coldstart_v1
2026-01-10 14:00:00+00:00,BTC,0.0005785572937664,return_1h_ahead,hourly_ridge_coldstart_v1
2026-01-10 15:00:00+00:00,BTC,0.0006356807963998,return_1h_ahead,hourly_ridge_coldstart_v1
2026-01-10 16:00:00+00:00,BTC,0.0006863065502129,return_1h_ahead,hourly_ridge_coldstart_v1
2026-01-10 17:00:00+00:00,BTC,0.0006853730895513,return_1h_ahead,hourly_ridge_coldstart_v1
2026-01-10 18:00:00+00:00,BTC,0.0005559701562572,return_1h_ahead,hourly_ridge_coldstart_v1
2026-01-10 19:00:00+00:00,BTC,0.000622382727579,return_1h_ahead,hourly_ridge_coldstart_v1
2026-01-10 20:00:00+00:00,BTC,0.0006691357646399,return_1h_ahead,hourly_ridge_coldstart_v1
2026-01-10 21:00:00+00:00,BTC,0.0005729293024805,return_1h_ahead,hourly_ridge_coldstart_v1
2026-01-10 22:00:00+00:00,BTC,0.000575196655885,return_1h_ahead,hourly_ridge_coldstart_v1
2026-01-10 23:00:00+00:00,BTC,0.0006301276804579,return_1h_ahead,hourly_ridge_coldstart_v1
2026-01-11 01:00:00+00:00,BTC,0.0006638327655743,return_1h_ahead,hourly_ridge_coldstart_v1
2026-01-11 03:00:00+00:00,BTC,0.0006482030184607,return_1h_ahead,hourly_ridge_coldstart_v1
2026-01-11 04:00:00+00:00,BTC,0.0006312895704985,return_1h_ahead,hourly_ridge_coldstart_v1
2026-01-11 05:00:00+00:00,BTC,0.0006709883980271,return_1h_ahead,hourly_ridge_coldstart_v1
2026-01-11 06:00:00+00:00,BTC,0.00066881725306,return_1h_ahead,hourly_ridge_coldstart_v1
2026-01-11 07:00:00+00:00,BTC,0.000709125453476,return_1h_ahead,hourly_ridge_coldstart_v1
2026-01-11 08:00:00+00:00,BTC,0.0007326652239538,return_1h_ahead,hourly_ridge_coldstart_v1
2026-01-11 09:00:00+00:00,BTC,0.0007703492518847,return_1h_ahead,hourly_ridge_coldstart_v1
2026-01-11 10:00:00+00:00,BTC,0.0007087707623495,return_1h_ahead,hourly_ridge_coldstart_v1
2026-01-11 11:00:00+00:00,BTC,0.0007310067614671,return_1h_ahead,hourly_ridge_coldstart_v1
2026-01-11 12:00:00+00:00,BTC,0.0007350785744459,return_1h_ahead,hourly_ridge_coldstart_v1
2026-01-11 13:00:00+00:00,BTC,0.0006963537360128,return_1h_ahead,hourly_ridge_coldstart_v1
2026-01-11 14:00:00+00:00,BTC,0.0006997643170421,return_1h_ahead,hourly_ridge_coldstart_v1
2026-01-11 15:00:00+00:00,BTC,0.0006924368438552,return_1h_ahead,hourly_ridge_coldstart_v1
2026-01-11 16:00:00+00:00,BTC,0.0007407998393891,return_1h_ahead,hourly_ridge_coldstart_v1
2026-01-11 17:00:00+00:00,BTC,0.0007531643932191,return_1h_ahead,hourly_ridge_coldstart_v1
2026-01-11 18:00:00+00:00,BTC,0.0006932048172283,return_1h_ahead,hourly_ridge_coldstart_v1
2026-01-11 19:00:00+00:00,BTC,0.0007400000274625,return_1h_ahead,hourly_ridge_coldstart_v1
2026-01-11 20:00:00+00:00,BTC,0.0002702291710961,return_1h_ahead,hourly_ridge_coldstart_v1
2026-01-11 21:00:00+00:00,BTC,0.0003958464318975,return_1h_ahead,hourly_ridge_coldstart_v1
2026-01-11 22:00:00+00:00,BTC,0.0002724356822111,return_1h_ahead,hourly_ridge_coldstart_v1
2026-01-11 23:00:00+00:00,BTC,0.0002797688611037,return_1h_ahead,hourly_ridge_coldstart_v1
2026-01-12 01:00:00+00:00,BTC,0.0001440056954446,return_1h_ahead,hourly_ridge_coldstart_v1
2026-01-12 03:00:00+00:00,BTC,3.236042297410756e-05,return_1h_ahead,hourly_ridge_coldstart_v1
2026-01-12 04:00:00+00:00,BTC,0.0002930129000593,return_1h_ahead,hourly_ridge_coldstart_v1
2026-01-12 05:00:00+00:00,BTC,9.836622161164516e-05,return_1h_ahead,hourly_ridge_coldstart_v1
2026-01-12 06:00:00+00:00,BTC,-0.0001585083275073,return_1h_ahead,hourly_ridge_coldstart_v1
2026-01-12 07:00:00+00:00,BTC,-0.0001350295419771,return_1h_ahead,hourly_ridge_coldstart_v1
2026-01-12 08:00:00+00:00,BTC,-0.000254892445184,return_1h_ahead,hourly_ridge_coldstart_v1
2026-01-12 09:00:00+00:00,BTC,-4.481452013989303e-05,return_1h_ahead,hourly_ridge_coldstart_v1
2026-01-12 10:00:00+00:00,BTC,0.0003137262864813,return_1h_ahead,hourly_ridge_coldstart_v1
2026-01-12 11:00:00+00:00,BTC,0.0003925790086488,return_1h_ahead,hourly_ridge_coldstart_v1
2026-01-12 12:00:00+00:00,BTC,0.0002768659141213,return_1h_ahead,hourly_ridge_coldstart_v1
2026-01-12 13:00:00+00:00,BTC,0.0001966872821579,return_1h_ahead,hourly_ridge_coldstart_v1
2026-01-12 14:00:00+00:00,BTC,-3.6597339760910624e-05,return_1h_ahead,hourly_ridge_coldstart_v1
2026-01-12 15:00:00+00:00,BTC,-0.0002044762842377,return_1h_ahead,hourly_ridge_coldstart_v1
2026-01-12 16:00:00+00:00,BTC,-0.0003768607404812,return_1h_ahead,hourly_ridge_coldstart_v1
2026-01-12 17:00:00+00:00,BTC,-0.000631139571118,return_1h_ahead,hourly_ridge_coldstart_v1
2026-01-12 18:00:00+00:00,BTC,-0.0007213597415444,return_1h_ahead,hourly_ridge_coldstart_v1
2026-01-12 19:00:00+00:00,BTC,-0.0006670174929067,return_1h_ahead,hourly_ridge_coldstart_v1
2026-01-12 20:00:00+00:00,BTC,-0.0004301601695447,return_1h_ahead,hourly_ridge_coldstart_v1
2026-01-12 21:00:00+00:00,BTC,-0.0001802984962854,return_1h_ahead,hourly_ridge_coldstart_v1
2026-01-12 22:00:00+00:00,BTC,0.0004752362845435,return_1h_ahead,hourly_ridge_coldstart_v1
2026-01-12 23:00:00+00:00,BTC,0.0004801197097599,return_1h_ahead,hourly_ridge_coldstart_v1
2026-01-13 01:00:00+00:00,BTC,0.0005081787227642,return_1h_ahead,hourly_ridge_coldstart_v1
2026-01-13 03:00:00+00:00,BTC,0.000420859577786,return_1h_ahead,hourly_ridge_coldstart_v1
2026-01-13 04:00:00+00:00,BTC,0.0003123335653947,return_1h_ahead,hourly_ridge_coldstart_v1
2026-01-13 05:00:00+00:00,BTC,0.0001707910539118,return_1h_ahead,hourly_ridge_coldstart_v1
2026-01-13 06:00:00+00:00,BTC,-0.000179874070828,return_1h_ahead,hourly_ridge_coldstart_v1
2026-01-13 07:00:00+00:00,BTC,-5.5980281060530063e-05,return_1h_ahead,hourly_ridge_coldstart_v1
2026-01-13 08:00:00+00:00,BTC,-6.344430865221328e-05,return_1h_ahead,hourly_ridge_coldstart_v1
2026-01-13 09:00:00+00:00,BTC,4.070244887391844e-05,return_1h_ahead,hourly_ridge_coldstart_v1
2026-01-13 10:00:00+00:00,BTC,-0.0003422233330016,return_1h_ahead,hourly_ridge_coldstart_v1
2026-01-13 11:00:00+00:00,BTC,0.0001112564932619,return_1h_ahead,hourly_ridge_coldstart_v1
2026-01-13 12:00:00+00:00,BTC,0.0001270029323883,return_1h_ahead,hourly_ridge_coldstart_v1
2026-01-13 13:00:00+00:00,BTC,0.0001495491810692,return_1h_ahead,hourly_ridge_coldstart_v1
2026-01-13 14:00:00+00:00,BTC,0.0001861349472323,return_1h_ahead,hourly_ridge_coldstart_v1
2026-01-13 15:00:00+00:00,BTC,0.0005333018525845,return_1h_ahead,hourly_ridge_coldstart_v1
2026-01-13 16:00:00+00:00,BTC,0.0002069230179238,return_1h_ahead,hourly_ridge_coldstart_v1
2026-01-13 17:00:00+00:00,BTC,-3.48114876367322e-05,return_1h_ahead,hourly_ridge_coldstart_v1
2026-01-13 18:00:00+00:00,BTC,6.029869273990111e-05,return_1h_ahead,hourly_ridge_coldstart_v1
2026-01-13 19:00:00+00:00,BTC,8.411611358269562e-06,return_1h_ahead,hourly_ridge_coldstart_v1
2026-01-13 20:00:00+00:00,BTC,0.0001149587292023,return_1h_ahead,hourly_ridge_coldstart_v1
2026-01-13 21:00:00+00:00,BTC,-0.0002527246321919,return_1h_ahead,hourly_ridge_coldstart_v1
2026-01-13 22:00:00+00:00,BTC,4.752979969409207e-05,return_1h_ahead,hourly_ridge_coldstart_v1
2026-01-13 23:00:00+00:00,BTC,-0.0001941675776251,return_1h_ahead,hourly_ridge_coldstart_v1
2026-01-14 01:00:00+00:00,BTC,-0.0006666159495943,return_1h_ahead,hourly_ridge_coldstart_v1
2026-01-14 03:00:00+00:00,BTC,-0.0003921917007276,return_1h_ahead,hourly_ridge_coldstart_v1
2026-01-14 04:00:00+00:00,BTC,-0.0004871890603825,return_1h_ahead,hourly_ridge_coldstart_v1
2026-01-14 05:00:00+00:00,BTC,-0.0005619443542251,return_1h_ahead,hourly_ridge_coldstart_v1
2026-01-14 06:00:00+00:00,BTC,-5.360071317982108e-06,return_1h_ahead,hourly_ridge_coldstart_v1
2026-01-14 07:00:00+00:00,BTC,0.0001265402255533,return_1h_ahead,hourly_ridge_coldstart_v1
2026-01-14 08:00:00+00:00,BTC,0.0001150336876014,return_1h_ahead,hourly_ridge_coldstart_v1
2026-01-14 09:00:00+00:00,BTC,0.00016722267379,return_1h_ahead,hourly_ridge_coldstart_v1
2026-01-14 10:00:00+00:00,BTC,0.0001650943197778,return_1h_ahead,hourly_ridge_coldstart_v1
2026-01-14 11:00:00+00:00,BTC,0.0002335247453014,return_1h_ahead,hourly_ridge_coldstart_v1
2026-01-14 12:00:00+00:00,BTC,0.0004365429884523,return_1h_ahead,hourly_ridge_coldstart_v1
2026-01-14 13:00:00+00:00,BTC,0.000569775922297,return_1h_ahead,hourly_ridge_coldstart_v1
2026-01-14 14:00:00+00:00,BTC,0.0003028123462202,return_1h_ahead,hourly_ridge_coldstart_v1
2026-01-14 15:00:00+00:00,BTC,-4.3839641316115554e-05,return_1h_ahead,hourly_ridge_coldstart_v1
2026-01-14 16:00:00+00:00,BTC,-0.0001635387358299,return_1h_ahead,hourly_ridge_coldstart_v1
2026-01-14 17:00:00+00:00,BTC,8.90716860492218e-06,return_1h_ahead,hourly_ridge_coldstart_v1
2026-01-14 18:00:00+00:00,BTC,-0.0010835314287577,return_1h_ahead,hourly_ridge_coldstart_v1
2026-01-14 19:00:00+00:00,BTC,-0.000701881609687,return_1h_ahead,hourly_ridge_coldstart_v1
2026-01-14 20:00:00+00:00,BTC,-0.0005845474006742,return_1h_ahead,hourly_ridge_coldstart_v1
2026-01-14 21:00:00+00:00,BTC,-0.0003377955623611,return_1h_ahead,hourly_ridge_coldstart_v1
2026-01-14 22:00:00+00:00,BTC,-0.000327788456741,return_1h_ahead,hourly_ridge_coldstart_v1
2026-01-14 23:00:00+00:00,BTC,-0.0002808076673711,return_1h_ahead,hourly_ridge_coldstart_v1
2026-01-15 01:00:00+00:00,BTC,-0.0004546536507528,return_1h_ahead,hourly_ridge_coldstart_v1
2026-01-15 03:00:00+00:00,BTC,-0.0004821508836431,return_1h_ahead,hourly_ridge_coldstart_v1
2026-01-15 04:00:00+00:00,BTC,-0.0001239734801155,return_1h_ahead,hourly_ridge_coldstart_v1
2026-01-15 05:00:00+00:00,BTC,-0.0002510006339206,return_1h_ahead,hourly_ridge_coldstart_v1
2026-01-15 06:00:00+00:00,BTC,-0.0002802016215274,return_1h_ahead,hourly_ridge_coldstart_v1
2026-01-15 07:00:00+00:00,BTC,-0.0003254575749845477,return_1h_ahead,hourly_ridge_coldstart_v1
2026-01-03 16:00:00+00:00,ETH,0.0005084652317259,return_1h_ahead,hourly_ridge_coldstart_v1
2026-01-03 17:00:00+00:00,ETH,0.0006071566277189,return_1h_ahead,hourly_ridge_coldstart_v1
2026-01-03 18:00:00+00:00,ETH,0.0005793905387516,return_1h_ahead,hourly_ridge_coldstart_v1
2026-01-03 19:00:00+00:00,ETH,0.0004951200726104,return_1h_ahead,hourly_ridge_coldstart_v1
2026-01-03 20:00:00+00:00,ETH,0.0004842275751892,return_1h_ahead,hourly_ridge_coldstart_v1
2026-01-03 21:00:00+00:00,ETH,0.0005717492739485,return_1h_ahead,hourly_ridge_coldstart_v1
2026-01-03 22:00:00+00:00,ETH,0.0005538537423789,return_1h_ahead,hourly_ridge_coldstart_v1
2026-01-03 23:00:00+00:00,ETH,0.0005790093367509,return_1h_ahead,hourly_ridge_coldstart_v1
2026-01-04 01:00:00+00:00,ETH,0.0004744059529999,return_1h_ahead,hourly_ridge_coldstart_v1
2026-01-04 03:00:00+00:00,ETH,0.0004279145452807,return_1h_ahead,hourly_ridge_coldstart_v1
2026-01-04 04:00:00+00:00,ETH,0.0004995805023965,return_1h_ahead,hourly_ridge_coldstart_v1
2026-01-04 05:00:00+00:00,ETH,0.0003441110817479,return_1h_ahead,hourly_ridge_coldstart_v1
2026-01-04 06:00:00+00:00,ETH,0.0003700008167454,return_1h_ahead,hourly_ridge_coldstart_v1
2026-01-04 07:00:00+00:00,ETH,6.363859333869429e-05,return_1h_ahead,hourly_ridge_coldstart_v1
2026-01-04 08:00:00+00:00,ETH,0.0003179265333125,return_1h_ahead,hourly_ridge_coldstart_v1
2026-01-04 09:00:00+00:00,ETH,0.0004295651404207,return_1h_ahead,hourly_ridge_coldstart_v1
2026-01-04 10:00:00+00:00,ETH,0.0003867502905042,return_1h_ahead,hourly_ridge_coldstart_v1
2026-01-04 11:00:00+00:00,ETH,0.000323442546888,return_1h_ahead,hourly_ridge_coldstart_v1
2026-01-04 12:00:00+00:00,ETH,0.0003335514147859,return_1h_ahead,hourly_ridge_coldstart_v1
2026-01-04 13:00:00+00:00,ETH,0.0004466190940645,return_1h_ahead,hourly_ridge_coldstart_v1
2026-01-04 14:00:00+00:00,ETH,0.0005920590760004,return_1h_ahead,hourly_ridge_coldstart_v1
2026-01-04 15:00:00+00:00,ETH,0.0006732370916951,return_1h_ahead,hourly_ridge_coldstart_v1
2026-01-04 16:00:00+00:00,ETH,0.0007536011594132,return_1h_ahead,hourly_ridge_coldstart_v1
2026-01-04 17:00:00+00:00,ETH,0.0007316864856441,return_1h_ahead,hourly_ridge_coldstart_v1
2026-01-04 18:00:00+00:00,ETH,0.0005455064027276,return_1h_ahead,hourly_ridge_coldstart_v1
2026-01-04 19:00:00+00:00,ETH,0.0005827600657706,return_1h_ahead,hourly_ridge_coldstart_v1
2026-01-04 20:00:00+00:00,ETH,0.0005131603434674,return_1h_ahead,hourly_ridge_coldstart_v1
2026-01-04 21:00:00+00:00,ETH,0.0004132273966522,return_1h_ahead,hourly_ridge_coldstart_v1
2026-01-04 22:00:00+00:00,ETH,0.0002094615479573,return_1h_ahead,hourly_ridge_coldstart_v1
2026-01-04 23:00:00+00:00,ETH,0.0002509167477401,return_1h_ahead,hourly_ridge_coldstart_v1
2026-01-05 01:00:00+00:00,ETH,-0.0005343757431683,return_1h_ahead,hourly_ridge_coldstart_v1
2026-01-05 03:00:00+00:00,ETH,-0.0015391048941746,return_1h_ahead,hourly_ridge_coldstart_v1
2026-01-05 04:00:00+00:00,ETH,-0.0017505225456122,return_1h_ahead,hourly_ridge_coldstart_v1
2026-01-05 05:00:00+00:00,ETH,-0.0015820952787952,return_1h_ahead,hourly_ridge_coldstart_v1
2026-01-05 06:00:00+00:00,ETH,-0.001737089361394,return_1h_ahead,hourly_ridge_coldstart_v1
2026-01-05 07:00:00+00:00,ETH,-0.0015319734557587,return_1h_ahead,hourly_ridge_coldstart_v1
2026-01-05 08:00:00+00:00,ETH,-1.3879013661325117e-05,return_1h_ahead,hourly_ridge_coldstart_v1
2026-01-05 09:00:00+00:00,ETH,-9.998876146967944e-05,return_1h_ahead,hourly_ridge_coldstart_v1
2026-01-05 10:00:00+00:00,ETH,0.0001807373480699,return_1h_ahead,hourly_ridge_coldstart_v1
2026-01-05 11:00:00+00:00,ETH,9.240580349332325e-06,return_1h_ahead,hourly_ridge_coldstart_v1
2026-01-05 12:00:00+00:00,ETH,0.0002000875653082,return_1h_ahead,hourly_ridge_coldstart_v1
2026-01-05 13:00:00+00:00,ETH,-7.669953449282284e-05,return_1h_ahead,hourly_ridge_coldstart_v1
2026-01-05 14:00:00+00:00,ETH,0.0001750064752339,return_1h_ahead,hourly_ridge_coldstart_v1
2026-01-05 15:00:00+00:00,ETH,0.0002250351874512,return_1h_ahead,hourly_ridge_coldstart_v1
2026-01-05 16:00:00+00:00,ETH,0.0001500086163994,return_1h_ahead,hourly_ridge_coldstart_v1
2026-01-05 17:00:00+00:00,ETH,-0.0001800684403715,return_1h_ahead,hourly_ridge_coldstart_v1
2026-01-05 18:00:00+00:00,ETH,-0.0001192418912328,return_1h_ahead,hourly_ridge_coldstart_v1
2026-01-05 19:00:00+00:00,ETH,1.6597890246796234e-06,return_1h_ahead,hourly_ridge_coldstart_v1
2026-01-05 20:00:00+00:00,ETH,4.623147486206868e-05,return_1h_ahead,hourly_ridge_coldstart_v1
2026-01-05 21:00:00+00:00,ETH,-0.0001379455834784,return_1h_ahead,hourly_ridge_coldstart_v1
2026-01-05 22:00:00+00:00,ETH,-0.0001364449068883,return_1h_ahead,hourly_ridge_coldstart_v1
2026-01-05 23:00:00+00:00,ETH,-0.0003087109802808,return_1h_ahead,hourly_ridge_coldstart_v1
2026-01-06 01:00:00+00:00,ETH,-4.261486391510721e-05,return_1h_ahead,hourly_ridge_coldstart_v1
2026-01-06 03:00:00+00:00,ETH,0.0002235179004712,return_1h_ahead,hourly_ridge_coldstart_v1
2026-01-06 04:00:00+00:00,ETH,0.0005428648224137,return_1h_ahead,hourly_ridge_coldstart_v1
2026-01-06 05:00:00+00:00,ETH,0.0004987094805204,return_1h_ahead,hourly_ridge_coldstart_v1
2026-01-06 06:00:00+00:00,ETH,0.0005484079886608,return_1h_ahead,hourly_ridge_coldstart_v1
2026-01-06 07:00:00+00:00,ETH,0.0005671387243791,return_1h_ahead,hourly_ridge_coldstart_v1
2026-01-06 08:00:00+00:00,ETH,0.0004904796604523,return_1h_ahead,hourly_ridge_coldstart_v1
2026-01-06 09:00:00+00:00,ETH,0.000500678771186,return_1h_ahead,hourly_ridge_coldstart_v1
2026-01-06 10:00:00+00:00,ETH,0.0004205712573987,return_1h_ahead,hourly_ridge_coldstart_v1
2026-01-06 11:00:00+00:00,ETH,0.000454504915601,return_1h_ahead,hourly_ridge_coldstart_v1
2026-01-06 12:00:00+00:00,ETH,0.0004082569784685,return_1h_ahead,hourly_ridge_coldstart_v1
2026-01-06 13:00:00+00:00,ETH,0.000328145049186,return_1h_ahead,hourly_ridge_coldstart_v1
2026-01-06 14:00:00+00:00,ETH,-0.0002928315366585,return_1h_ahead,hourly_ridge_coldstart_v1
2026-01-06 15:00:00+00:00,ETH,-0.0008398738747083,return_1h_ahead,hourly_ridge_coldstart_v1
2026-01-06 16:00:00+00:00,ETH,-0.0019376188949426,return_1h_ahead,hourly_ridge_coldstart_v1
2026-01-06 17:00:00+00:00,ETH,-0.0016023668324897,return_1h_ahead,hourly_ridge_coldstart_v1
2026-01-06 18:00:00+00:00,ETH,-0.0020156498820217,return_1h_ahead,hourly_ridge_coldstart_v1
2026-01-06 19:00:00+00:00,ETH,-0.0016752921229425,return_1h_ahead,hourly_ridge_coldstart_v1
2026-01-06 20:00:00+00:00,ETH,-0.0006477202730348,return_1h_ahead,hourly_ridge_coldstart_v1
2026-01-06 21:00:00+00:00,ETH,-0.001014298274568,return_1h_ahead,hourly_ridge_coldstart_v1
2026-01-06 22:00:00+00:00,ETH,-0.001157774990156,return_1h_ahead,hourly_ridge_coldstart_v1
2026-01-06 23:00:00+00:00,ETH,-0.0008666797620983,return_1h_ahead,hourly_ridge_coldstart_v1
2026-01-07 01:00:00+00:00,ETH,-0.0016864709857057,return_1h_ahead,hourly_ridge_coldstart_v1
2026-01-07 03:00:00+00:00,ETH,-0.0011475437534059,return_1h_ahead,hourly_ridge_coldstart_v1
2026-01-07 04:00:00+00:00,ETH,-0.0015400716063772,return_1h_ahead,hourly_ridge_coldstart_v1
2026-01-07 05:00:00+00:00,ETH,-0.0008420922225051,return_1h_ahead,hourly_ridge_coldstart_v1
2026-01-07 06:00:00+00:00,ETH,-0.00082986302607,return_1h_ahead,hourly_ridge_coldstart_v1
2026-01-07 07:00:00+00:00,ETH,-0.0006325966559958,return_1h_ahead,hourly_ridge_coldstart_v1
2026-01-07 08:00:00+00:00,ETH,4.0211235308237344e-05,return_1h_ahead,hourly_ridge_coldstart_v1
2026-01-07 09:00:00+00:00,ETH,-0.0003308725199612,return_1h_ahead,hourly_ridge_coldstart_v1
2026-01-07 10:00:00+00:00,ETH,-0.0002824429444913,return_1h_ahead,hourly_ridge_coldstart_v1
2026-01-07 11:00:00+00:00,ETH,-0.0001723679918765,return_1h_ahead,hourly_ridge_coldstart_v1
2026-01-07 12:00:00+00:00,ETH,-0.0004119946297839,return_1h_ahead,hourly_ridge_coldstart_v1
2026-01-07 13:00:00+00:00,ETH,-0.0002917893199295,return_1h_ahead,hourly_ridge_coldstart_v1
2026-01-07 14:00:00+00:00,ETH,-0.0006600041537457,return_1h_ahead,hourly_ridge_coldstart_v1
2026-01-07 15:00:00+00:00,ETH,-0.0009413395169576,return_1h_ahead,hourly_ridge_coldstart_v1
2026-01-07 16:00:00+00:00,ETH,-0.0005977732728095,return_1h_ahead,hourly_ridge_coldstart_v1
2026-01-07 17:00:00+00:00,ETH,-0.000532836792392,return_1h_ahead,hourly_ridge_coldstart_v1
2026-01-07 18:00:00+00:00,ETH,-0.0005638529031308,return_1h_ahead,hourly_ridge_coldstart_v1
2026-01-07 19:00:00+00:00,ETH,-0.0007469694160458,return_1h_ahead,hourly_ridge_coldstart_v1
2026-01-07 20:00:00+00:00,ETH,-0.0005141258341145,return_1h_ahead,hourly_ridge_coldstart_v1
2026-01-07 21:00:00+00:00,ETH,-5.79186926320271e-05,return_1h_ahead,hourly_ridge_coldstart_v1
2026-01-07 22:00:00+00:00,ETH,-9.628626981581857e-05,return_1h_ahead,hourly_ridge_coldstart_v1
2026-01-07 23:00:00+00:00,ETH,-0.0001728302553412,return_1h_ahead,hourly_ridge_coldstart_v1
2026-01-08 01:00:00+00:00,ETH,-0.0003242030709669,return_1h_ahead,hourly_ridge_coldstart_v1
2026-01-08 03:00:00+00:00,ETH,-0.0004778300850105,return_1h_ahead,hourly_ridge_coldstart_v1
2026-01-08 04:00:00+00:00,ETH,-0.0002181834693518,return_1h_ahead,hourly_ridge_coldstart_v1
2026-01-08 05:00:00+00:00,ETH,-0.0001180160393063,return_1h_ahead,hourly_ridge_coldstart_v1
2026-01-08 06:00:00+00:00,ETH,-0.0011459347120318,return_1h_ahead,hourly_ridge_coldstart_v1
2026-01-08 07:00:00+00:00,ETH,-0.0004839349604116,return_1h_ahead,hourly_ridge_coldstart_v1
2026-01-08 08:00:00+00:00,ETH,-0.0004586974338338,return_1h_ahead,hourly_ridge_coldstart_v1
2026-01-08 09:00:00+00:00,ETH,-0.0008999217440721,return_1h_ahead,hourly_ridge_coldstart_v1
2026-01-08 10:00:00+00:00,ETH,-0.0006478332670899,return_1h_ahead,hourly_ridge_coldstart_v1
2026-01-08 11:00:00+00:00,ETH,-0.0006628935103983,return_1h_ahead,hourly_ridge_coldstart_v1
2026-01-08 12:00:00+00:00,ETH,-0.0007256888100649,return_1h_ahead,hourly_ridge_coldstart_v1
2026-01-08 13:00:00+00:00,ETH,-0.0004926317465006,return_1h_ahead,hourly_ridge_coldstart_v1
2026-01-08 14:00:00+00:00,ETH,-0.0003422401142267,return_1h_ahead,hourly_ridge_coldstart_v1
2026-01-08 15:00:00+00:00,ETH,-0.0001444502938766,return_1h_ahead,hourly_ridge_coldstart_v1
2026-01-08 16:00:00+00:00,ETH,-0.0003412921161472,return_1h_ahead,hourly_ridge_coldstart_v1
2026-01-08 17:00:00+00:00,ETH,-0.0002708411794898,return_1h_ahead,hourly_ridge_coldstart_v1
2026-01-08 18:00:00+00:00,ETH,-7.495715119324863e-06,return_1h_ahead,hourly_ridge_coldstart_v1
2026-01-08 19:00:00+00:00,ETH,-0.000310592749234,return_1h_ahead,hourly_ridge_coldstart_v1
2026-01-08 20:00:00+00:00,ETH,-0.0003896381479045,return_1h_ahead,hourly_ridge_coldstart_v1
2026-01-08 21:00:00+00:00,ETH,-3.0164622882163496e-05,return_1h_ahead,hourly_ridge_coldstart_v1
2026-01-08 22:00:00+00:00,ETH,-4.214791284044047e-05,return_1h_ahead,hourly_ridge_coldstart_v1
2026-01-08 23:00:00+00:00,ETH,-7.523679072605084e-05,return_1h_ahead,hourly_ridge_coldstart_v1
2026-01-09 01:00:00+00:00,ETH,-0.0005241778817288,return_1h_ahead,hourly_ridge_coldstart_v1
2026-01-09 03:00:00+00:00,ETH,-0.0002615808612186,return_1h_ahead,hourly_ridge_coldstart_v1
2026-01-09 04:00:00+00:00,ETH,-0.0003412860828872,return_1h_ahead,hourly_ridge_coldstart_v1
2026-01-09 05:00:00+00:00,ETH,-0.00027329755878,return_1h_ahead,hourly_ridge_coldstart_v1
2026-01-09 06:00:00+00:00,ETH,-0.0001504126449773,return_1h_ahead,hourly_ridge_coldstart_v1
2026-01-09 07:00:00+00:00,ETH,-0.000213511686906,return_1h_ahead,hourly_ridge_coldstart_v1
2026-01-09 08:00:00+00:00,ETH,0.0001078696181846,return_1h_ahead,hourly_ridge_coldstart_v1
2026-01-09 09:00:00+00:00,ETH,0.0002943479368489,return_1h_ahead,hourly_ridge_coldstart_v1
2026-01-09 10:00:00+00:00,ETH,0.0003875076889618,return_1h_ahead,hourly_ridge_coldstart_v1
2026-01-09 11:00:00+00:00,ETH,0.0004098747130809,return_1h_ahead,hourly_ridge_coldstart_v1
2026-01-09 12:00:00+00:00,ETH,0.0001389226346211,return_1h_ahead,hourly_ridge_coldstart_v1
2026-01-09 13:00:00+00:00,ETH,7.471356586942574e-05,return_1h_ahead,hourly_ridge_coldstart_v1
2026-01-09 14:00:00+00:00,ETH,-0.0003971819072274,return_1h_ahead,hourly_ridge_coldstart_v1
2026-01-09 15:00:00+00:00,ETH,-0.0001451762924083,return_1h_ahead,hourly_ridge_coldstart_v1
2026-01-09 16:00:00+00:00,ETH,-0.00028819367499,return_1h_ahead,hourly_ridge_coldstart_v1
2026-01-09 17:00:00+00:00,ETH,-0.0008806301527123,return_1h_ahead,hourly_ridge_coldstart_v1
2026-01-09 18:00:00+00:00,ETH,-0.0013495922950547,return_1h_ahead,hourly_ridge_coldstart_v1
2026-01-09 19:00:00+00:00,ETH,-0.0008747678460736,return_1h_ahead,hourly_ridge_coldstart_v1
2026-01-09 20:00:00+00:00,ETH,-0.0007538689094228,return_1h_ahead,hourly_ridge_coldstart_v1
2026-01-09 21:00:00+00:00,ETH,-0.0008098667551781,return_1h_ahead,hourly_ridge_coldstart_v1
2026-01-09 22:00:00+00:00,ETH,-0.0001899073569992,return_1h_ahead,hourly_ridge_coldstart_v1
2026-01-09 23:00:00+00:00,ETH,-0.0001569652473131,return_1h_ahead,hourly_ridge_coldstart_v1
2026-01-10 01:00:00+00:00,ETH,0.0005518901721664,return_1h_ahead,hourly_ridge_coldstart_v1
2026-01-10 03:00:00+00:00,ETH,0.0004648789500912,return_1h_ahead,hourly_ridge_coldstart_v1
2026-01-10 04:00:00+00:00,ETH,0.000530524848985,return_1h_ahead,hourly_ridge_coldstart_v1
2026-01-10 05:00:00+00:00,ETH,0.0005613715233788,return_1h_ahead,hourly_ridge_coldstart_v1
2026-01-10 06:00:00+00:00,ETH,0.0006034815841629,return_1h_ahead,hourly_ridge_coldstart_v1
2026-01-10 07:00:00+00:00,ETH,0.0006969724207164,return_1h_ahead,hourly_ridge_coldstart_v1
2026-01-10 08:00:00+00:00,ETH,0.0006520922539007,return_1h_ahead,hourly_ridge_coldstart_v1
2026-01-10 09:00:00+00:00,ETH,0.0007220716765026,return_1h_ahead,hourly_ridge_coldstart_v1
2026-01-10 10:00:00+00:00,ETH,0.0007116489956819,return_1h_ahead,hourly_ridge_coldstart_v1
2026-01-10 11:00:00+00:00,ETH,0.000675162980621,return_1h_ahead,hourly_ridge_coldstart_v1
2026-01-10 12:00:00+00:00,ETH,0.0005433289722321,return_1h_ahead,hourly_ridge_coldstart_v1
2026-01-10 13:00:00+00:00,ETH,0.0005812210652511,return_1h_ahead,hourly_ridge_coldstart_v1
2026-01-10 14:00:00+00:00,ETH,0.0005234359916784,return_1h_ahead,hourly_ridge_coldstart_v1
2026-01-10 15:00:00+00:00,ETH,0.0005654949653353,return_1h_ahead,hourly_ridge_coldstart_v1
2026-01-10 16:00:00+00:00,ETH,0.0007018744546679,return_1h_ahead,hourly_ridge_coldstart_v1
2026-01-10 17:00:00+00:00,ETH,0.0007054349342426,return_1h_ahead,hourly_ridge_coldstart_v1
2026-01-10 18:00:00+00:00,ETH,0.0005747036761211,return_1h_ahead,hourly_ridge_coldstart_v1
2026-01-10 19:00:00+00:00,ETH,0.0006253474569843,return_1h_ahead,hourly_ridge_coldstart_v1
2026-01-10 20:00:00+00:00,ETH,0.0006326685498387,return_1h_ahead,hourly_ridge_coldstart_v1
2026-01-10 21:00:00+00:00,ETH,0.0005930555364505,return_1h_ahead,hourly_ridge_coldstart_v1
2026-01-10 22:00:00+00:00,ETH,0.0005064179077181,return_1h_ahead,hourly_ridge_coldstart_v1
2026-01-10 23:00:00+00:00,ETH,0.0006305753613464,return_1h_ahead,hourly_ridge_coldstart_v1
2026-01-11 01:00:00+00:00,ETH,0.0005310106749625,return_1h_ahead,hourly_ridge_coldstart_v1
2026-01-11 03:00:00+00:00,ETH,0.0004519674403838,return_1h_ahead,hourly_ridge_coldstart_v1
2026-01-11 04:00:00+00:00,ETH,0.0004140633172405,return_1h_ahead,hourly_ridge_coldstart_v1
2026-01-11 05:00:00+00:00,ETH,0.0004610469714462,return_1h_ahead,hourly_ridge_coldstart_v1
2026-01-11 06:00:00+00:00,ETH,0.0005061096042725,return_1h_ahead,hourly_ridge_coldstart_v1
2026-01-11 07:00:00+00:00,ETH,0.000555938870773,return_1h_ahead,hourly_ridge_coldstart_v1
2026-01-11 08:00:00+00:00,ETH,0.0007423067921802,return_1h_ahead,hourly_ridge_coldstart_v1
2026-01-11 09:00:00+00:00,ETH,0.000696224916015,return_1h_ahead,hourly_ridge_coldstart_v1
2026-01-11 10:00:00+00:00,ETH,0.0006710811048537,return_1h_ahead,hourly_ridge_coldstart_v1
2026-01-11 11:00:00+00:00,ETH,0.0005588764414417,return_1h_ahead,hourly_ridge_coldstart_v1
2026-01-11 12:00:00+00:00,ETH,0.0006669952254939,return_1h_ahead,hourly_ridge_coldstart_v1
2026-01-11 13:00:00+00:00,ETH,0.0006290591075481,return_1h_ahead,hourly_ridge_coldstart_v1
2026-01-11 14:00:00+00:00,ETH,0.0006202935856822,return_1h_ahead,hourly_ridge_coldstart_v1
2026-01-11 15:00:00+00:00,ETH,0.000661052872643,return_1h_ahead,hourly_ridge_coldstart_v1
2026-01-11 16:00:00+00:00,ETH,0.0005236413530967,return_1h_ahead,hourly_ridge_coldstart_v1
2026-01-11 17:00:00+00:00,ETH,0.0006450419661236,return_1h_ahead,hourly_ridge_coldstart_v1
2026-01-11 18:00:00+00:00,ETH,0.0004485352949099,return_1h_ahead,hourly_ridge_coldstart_v1
2026-01-11 19:00:00+00:00,ETH,0.0005324848970283,return_1h_ahead,hourly_ridge_coldstart_v1
2026-01-11 20:00:00+00:00,ETH,-0.0003791346251488,return_1h_ahead,hourly_ridge_coldstart_v1
2026-01-11 21:00:00+00:00,ETH,-4.382622800189396e-05,return_1h_ahead,hourly_ridge_coldstart_v1
2026-01-11 22:00:00+00:00,ETH,-0.000180349914347,return_1h_ahead,hourly_ridge_coldstart_v1
2026-01-11 23:00:00+00:00,ETH,-4.425760200572388e-05,return_1h_ahead,hourly_ridge_coldstart_v1
2026-01-12 01:00:00+00:00,ETH,-9.092134389800582e-05,return_1h_ahead,hourly_ridge_coldstart_v1
2026-01-12 03:00:00+00:00,ETH,-0.0002283450785777,return_1h_ahead,hourly_ridge_coldstart_v1
2026-01-12 04:00:00+00:00,ETH,9.640737905598684e-05,return_1h_ahead,hourly_ridge_coldstart_v1
2026-01-12 05:00:00+00:00,ETH,1.3508490931695271e-05,return_1h_ahead,hourly_ridge_coldstart_v1
2026-01-12 06:00:00+00:00,ETH,-0.0002021289725743,return_1h_ahead,hourly_ridge_coldstart_v1
2026-01-12 07:00:00+00:00,ETH,-0.0001542335786885,return_1h_ahead,hourly_ridge_coldstart_v1
2026-01-12 08:00:00+00:00,ETH,-0.0006723574218525,return_1h_ahead,hourly_ridge_coldstart_v1
2026-01-12 09:00:00+00:00,ETH,-8.000146405045286e-05,return_1h_ahead,hourly_ridge_coldstart_v1
2026-01-12 10:00:00+00:00,ETH,0.000148282345199,return_1h_ahead,hourly_ridge_coldstart_v1
2026-01-12 11:00:00+00:00,ETH,0.0002794901776614,return_1h_ahead,hourly_ridge_coldstart_v1
2026-01-12 12:00:00+00:00,ETH,0.0002024795356678,return_1h_ahead,hourly_ridge_coldstart_v1
2026-01-12 13:00:00+00:00,ETH,0.0001470775564044,return_1h_ahead,hourly_ridge_coldstart_v1
2026-01-12 14:00:00+00:00,ETH,-0.0007543090005913,return_1h_ahead,hourly_ridge_coldstart_v1
2026-01-12 15:00:00+00:00,ETH,-0.0007940736696155,return_1h_ahead,hourly_ridge_coldstart_v1
2026-01-12 16:00:00+00:00,ETH,-0.0011237563949428,return_1h_ahead,hourly_ridge_coldstart_v1
2026-01-12 17:00:00+00:00,ETH,-0.0014045080576533,return_1h_ahead,hourly_ridge_coldstart_v1
2026-01-12 18:00:00+00:00,ETH,-0.0014330721399542,return_1h_ahead,hourly_ridge_coldstart_v1
2026-01-12 19:00:00+00:00,ETH,-0.0013567307361681,return_1h_ahead,hourly_ridge_coldstart_v1
2026-01-12 20:00:00+00:00,ETH,-0.0007256207356502,return_1h_ahead,hourly_ridge_coldstart_v1
2026-01-12 21:00:00+00:00,ETH,-5.342358003269639e-05,return_1h_ahead,hourly_ridge_coldstart_v1
2026-01-12 22:00:00+00:00,ETH,0.0004226848505048,return_1h_ahead,hourly_ridge_coldstart_v1
2026-01-12 23:00:00+00:00,ETH,0.0002762453868662,return_1h_ahead,hourly_ridge_coldstart_v1
2026-01-13 01:00:00+00:00,ETH,0.0003779409733241,return_1h_ahead,hourly_ridge_coldstart_v1
2026-01-13 03:00:00+00:00,ETH,0.0001446375875237,return_1h_ahead,hourly_ridge_coldstart_v1
2026-01-13 04:00:00+00:00,ETH,-6.521292565952135e-05,return_1h_ahead,hourly_ridge_coldstart_v1
2026-01-13 05:00:00+00:00,ETH,2.396588087407705e-05,return_1h_ahead,hourly_ridge_coldstart_v1
2026-01-13 06:00:00+00:00,ETH,-0.0004807230368109,return_1h_ahead,hourly_ridge_coldstart_v1
2026-01-13 07:00:00+00:00,ETH,-0.0002972555293043,return_1h_ahead,hourly_ridge_coldstart_v1
2026-01-13 08:00:00+00:00,ETH,-0.0003016307149775,return_1h_ahead,hourly_ridge_coldstart_v1
2026-01-13 09:00:00+00:00,ETH,-6.20049102368117e-05,return_1h_ahead,hourly_ridge_coldstart_v1
2026-01-13 10:00:00+00:00,ETH,-0.0003253566531129,return_1h_ahead,hourly_ridge_coldstart_v1
2026-01-13 11:00:00+00:00,ETH,0.0001508955020237,return_1h_ahead,hourly_ridge_coldstart_v1
2026-01-13 12:00:00+00:00,ETH,0.0002526943728655,return_1h_ahead,hourly_ridge_coldstart_v1
2026-01-13 13:00:00+00:00,ETH,0.0003201986486755,return_1h_ahead,hourly_ridge_coldstart_v1
2026-01-13 14:00:00+00:00,ETH,0.0003466448033727,return_1h_ahead,hourly_ridge_coldstart_v1
2026-01-13 15:00:00+00:00,ETH,0.0003155983565944,return_1h_ahead,hourly_ridge_coldstart_v1
2026-01-13 16:00:00+00:00,ETH,2.018244143903896e-05,return_1h_ahead,hourly_ridge_coldstart_v1
2026-01-13 17:00:00+00:00,ETH,-0.0002689631702154,return_1h_ahead,hourly_ridge_coldstart_v1
2026-01-13 18:00:00+00:00,ETH,-0.0001657059461067,return_1h_ahead,hourly_ridge_coldstart_v1
2026-01-13 19:00:00+00:00,ETH,-0.0002742665978078,return_1h_ahead,hourly_ridge_coldstart_v1
2026-01-13 20:00:00+00:00,ETH,-0.0001387490343552,return_1h_ahead,hourly_ridge_coldstart_v1
2026-01-13 21:00:00+00:00,ETH,-0.0002958818518188,return_1h_ahead,hourly_ridge_coldstart_v1
2026-01-13 22:00:00+00:00,ETH,-0.0014745286317122,return_1h_ahead,hourly_ridge_coldstart_v1
2026-01-13 23:00:00+00:00,ETH,-0.0025687478575319,return_1h_ahead,hourly_ridge_coldstart_v1
2026-01-14 01:00:00+00:00,ETH,-0.0027920126182915,return_1h_ahead,hourly_ridge_coldstart_v1
2026-01-14 03:00:00+00:00,ETH,-0.0026195733681502,return_1h_ahead,hourly_ridge_coldstart_v1
2026-01-14 04:00:00+00:00,ETH,-0.0027703444349127,return_1h_ahead,hourly_ridge_coldstart_v1
2026-01-14 05:00:00+00:00,ETH,-0.0029161233213812,return_1h_ahead,hourly_ridge_coldstart_v1
2026-01-14 06:00:00+00:00,ETH,0.0003271676988986,return_1h_ahead,hourly_ridge_coldstart_v1
2026-01-14 07:00:00+00:00,ETH,0.000387980992025,return_1h_ahead,hourly_ridge_coldstart_v1
2026-01-14 08:00:00+00:00,ETH,0.0003135577730161,return_1h_ahead,hourly_ridge_coldstart_v1
2026-01-14 09:00:00+00:00,ETH,0.0003273092481371,return_1h_ahead,hourly_ridge_coldstart_v1
2026-01-14 10:00:00+00:00,ETH,-6.523231890817046e-05,return_1h_ahead,hourly_ridge_coldstart_v1
2026-01-14 11:00:00+00:00,ETH,-0.0001450639105842,return_1h_ahead,hourly_ridge_coldstart_v1
2026-01-14 12:00:00+00:00,ETH,9.152184755763324e-06,return_1h_ahead,hourly_ridge_coldstart_v1
2026-01-14 13:00:00+00:00,ETH,0.0001547392611254,return_1h_ahead,hourly_ridge_coldstart_v1
2026-01-14 14:00:00+00:00,ETH,-8.066259581972972e-05,return_1h_ahead,hourly_ridge_coldstart_v1
2026-01-14 15:00:00+00:00,ETH,-0.0003659270161985,return_1h_ahead,hourly_ridge_coldstart_v1
2026-01-14 16:00:00+00:00,ETH,-0.0002616075574012,return_1h_ahead,hourly_ridge_coldstart_v1
2026-01-14 17:00:00+00:00,ETH,-0.0001463110422854,return_1h_ahead,hourly_ridge_coldstart_v1
2026-01-14 18:00:00+00:00,ETH,-0.0011300732526906,return_1h_ahead,hourly_ridge_coldstart_v1
2026-01-14 19:00:00+00:00,ETH,-0.0007250805675814,return_1h_ahead,hourly_ridge_coldstart_v1
2026-01-14 20:00:00+00:00,ETH,-0.0006066348676129,return_1h_ahead,hourly_ridge_coldstart_v1
2026-01-14 21:00:00+00:00,ETH,-0.0006332898061341,return_1h_ahead,hourly_ridge_coldstart_v1
2026-01-14 22:00:00+00:00,ETH,-0.0005566584510058,return_1h_ahead,hourly_ridge_coldstart_v1
2026-01-14 23:00:00+00:00,ETH,-0.0005355498243402,return_1h_ahead,hourly_ridge_coldstart_v1
2026-01-15 01:00:00+00:00,ETH,-0.0009532168018786,return_1h_ahead,hourly_ridge_coldstart_v1
2026-01-15 03:00:00+00:00,ETH,-0.0014250331424133,return_1h_ahead,hourly_ridge_coldstart_v1
2026-01-15 04:00:00+00:00,ETH,-0.000709670631683,return_1h_ahead,hourly_ridge_coldstart_v1
2026-01-15 05:00:00+00:00,ETH,-0.0008944205314118,return_1h_ahead,hourly_ridge_coldstart_v1
2026-01-15 06:00:00+00:00,ETH,-0.0009668079542083,return_1h_ahead,hourly_ridge_coldstart_v1
2026-01-15 07:00:00+00:00,ETH,-0.0010384863771241135,return_1h_ahead,hourly_ridge_coldstart_v1
